FID,OBJECTID,SHAPE,BASIS_TYP_TXT,BASIS_TYP,SE_ANNO_CAD_DATA
TRINKBRUNNENOGD.fid-761673fc_19a031f728b_-7202,6152798,POINT (16.331366840905794 48.22913639894482),Auslaufbrunnen,7,
TRINKBRUNNENOGD.fid-761673fc_19a031f728b_-7201,6152799,POINT (16.355859793235286 48.203674416076986),Auslaufbrunnen,7,
TRINKBRUNNENOGD.fid-761673fc_19a031f728b_-7200,6152800,POINT (16.314194437687284 48.19898707561019),Auslaufbrunnen,7,
TRINKBRUNNENOGD.fid-761673fc_19a031f728b_-71ff,6152801,POINT (16.32705808462293 48.20356732019741),Trinkhydrant,10,
TRINKBRUNNENOGD.fid-761673fc_19a031f728b_-71fe,6152802,POINT (16.294834696477242 48.176503596858645),Auslaufbrunnen,7,
TRINKBRUNNENOGD.fid-761673fc_19a031f728b_-71fd,6152803,POINT (16.222621283368436 48.153240719525684),Auslaufbrunnen,7,
TRINKBRUNNENOGD.fid-761673fc_19a031f728b_-71fc,6152804,POINT (16.324149856901673 48.2106635754911),Auslaufbrunnen,7,
TRINKBRUNNENOGD.fid-761673fc_19a031f728b_-71fb,6152805,POINT (16.38527085220668 48.21886151965273),Trinkhydrant,10,
TRINKBRUNNENOGD.fid-761673fc_19a031f728b_-71fa,6152806,POINT (16.38462842720166 48.15078156166787),Auslaufbrunnen,7,
TRINKBRUNNENOGD.fid-761673fc_19a031f728b_-71f9,6152807,POINT (16.338892090608137 48.25726471310871),Trinkhydrant,10,
TRINKBRUNNENOGD.fid-761673fc_19a031f728b_-71f8,6152808,POINT (16.30281097351268 48.22794450776511),Trinkhydrant,10,
TRINKBRUNNENOGD.fid-761673fc_19a031f728b_-71f7,6152809,POINT (16.33943604212277 48.2358368022553),Trinkhydrant,10,
TRINKBRUNNENOGD.fid-761673fc_19a031f728b_-71f6,6152810,POINT (16.326030443577785 48.20231798965214),Trinkhydrant,10,
TRINKBRUNNENOGD.fid-761673fc_19a031f728b_-71f5,6152811,POINT (16.34693492351552 48.224718801003625),Auslaufbrunnen,7,
TRINKBRUNNENOGD.fid-761673fc_19a031f728b_-71f4,6152812,POINT (16.339749524661713 48.209549572148276),Trinkhydrant,10,
TRINKBRUNNENOGD.fid-761673fc_19a031f728b_-71f3,6152813,POINT (16.32285458603433 48.21092403412391),Auslaufbrunnen,7,
TRINKBRUNNENOGD.fid-761673fc_19a031f728b_-71f2,6152814,POINT (16.353129476094736 48.18666611460593),Trinkhydrant,10,
TRINKBRUNNENOGD.fid-761673fc_19a031f728b_-71f1,6152815,POINT (16.34393216104094 48.22333338954065),Trinkhydrant,10,
TRINKBRUNNENOGD.fid-761673fc_19a031f728b_-71f0,6152816,POINT (16.365603882669582 48.18737375467125),Trinkhydrant,10,
TRINKBRUNNENOGD.fid-761673fc_19a031f728b_-71ef,6152817,POINT (16.340661702624946 48.222497055531306),Trinkhydrant,10,
TRINKBRUNNENOGD.fid-761673fc_19a031f728b_-71ee,6152818,POINT (16.330721397906828 48.212934189166305),Auslaufbrunnen,7,
TRINKBRUNNENOGD.fid-761673fc_19a031f728b_-71ed,6152819,POINT (16.33507651597267 48.191696353814265),Trinkhydrant,10,
TRINKBRUNNENOGD.fid-761673fc_19a031f728b_-71ec,6152820,POINT (16.374552459156735 48.21589250934413),Auslaufbrunnen,7,
TRINKBRUNNENOGD.fid-761673fc_19a031f728b_-71eb,6152821,POINT (16.46609945448754 48.15448590800977),Trinkhydrant,10,
TRINKBRUNNENOGD.fid-761673fc_19a031f728b_-71ea,6152822,POINT (16.37123078147095 48.1982321283791),Trinkhydrant,10,
TRINKBRUNNENOGD.fid-761673fc_19a031f728b_-71e9,6152823,POINT (16.374688930361728 48.19193146234289),Trinkhydrant,10,
TRINKBRUNNENOGD.fid-761673fc_19a031f728b_-71e8,6152824,POINT (16.36509792873552 48.20821269038296),Trinkhydrant,10,
TRINKBRUNNENOGD.fid-761673fc_19a031f728b_-71e7,6152825,POINT (16.333252680898273 48.21516647177597),Trinkhydrant,10,
TRINKBRUNNENOGD.fid-761673fc_19a031f728b_-71e6,6152826,POINT (16.366468211248513 48.208083569351885),Auslaufbrunnen,7,
TRINKBRUNNENOGD.fid-761673fc_19a031f728b_-71e5,6152827,POINT (16.366130467196932 48.20808215880589),Trinkhydrant,10,
TRINKBRUNNENOGD.fid-761673fc_19a031f728b_-71e4,6152828,POINT (16.340340300515773 48.19554412155456),Auslaufbrunnen,7,
TRINKBRUNNENOGD.fid-761673fc_19a031f728b_-71e3,6152829,POINT (16.334355718724996 48.193726805462916),Trinkhydrant,10,
TRINKBRUNNENOGD.fid-761673fc_19a031f728b_-71e2,6152830,POINT (16.34056223621703 48.20695179817518),Trinkhydrant,10,
TRINKBRUNNENOGD.fid-761673fc_19a031f728b_-71e1,6152831,POINT (16.335904341946364 48.20147584130974),Trinkhydrant,10,
TRINKBRUNNENOGD.fid-761673fc_19a031f728b_-71e0,6152832,POINT (16.361954348913326 48.19132495320781),Trinkhydrant,10,
TRINKBRUNNENOGD.fid-761673fc_19a031f728b_-71df,6152833,POINT (16.35957951186676 48.22532958602916),Trinkhydrant,10,
TRINKBRUNNENOGD.fid-761673fc_19a031f728b_-71de,6152834,POINT (16.47299989310339 48.24661594424583),Auslaufbrunnen,7,
TRINKBRUNNENOGD.fid-761673fc_19a031f728b_-71dd,6152835,POINT (16.413368279110166 48.17795701532216),Trinkhydrant,10,
TRINKBRUNNENOGD.fid-761673fc_19a031f728b_-71dc,6152836,POINT (16.326098130590683 48.21164386781843),Auslaufbrunnen,7,
TRINKBRUNNENOGD.fid-761673fc_19a031f728b_-71db,6152837,POINT (16.298158487979567 48.229302347118555),Auslaufbrunnen,7,
TRINKBRUNNENOGD.fid-761673fc_19a031f728b_-71da,6152838,POINT (16.34041047103524 48.217350557177284),Auslaufbrunnen,7,
TRINKBRUNNENOGD.fid-761673fc_19a031f728b_-71d9,6152839,POINT (16.316780249541452 48.19912062453753),Auslaufbrunnen,7,
TRINKBRUNNENOGD.fid-761673fc_19a031f728b_-71d8,6152840,POINT (16.34037494195686 48.19270214876318),Auslaufbrunnen,7,
TRINKBRUNNENOGD.fid-761673fc_19a031f728b_-71d7,6152841,POINT (16.33278965811447 48.17659179366802),Trinkhydrant,10,
TRINKBRUNNENOGD.fid-761673fc_19a031f728b_-71d6,6152842,POINT (16.39103211143895 48.19412116021303),Trinkhydrant,10,
TRINKBRUNNENOGD.fid-761673fc_19a031f728b_-71d5,6152843,POINT (16.38703297100474 48.19650720109881),Trinkhydrant,10,
TRINKBRUNNENOGD.fid-761673fc_19a031f728b_-71d4,6152844,POINT (16.415572207799656 48.292182677214406),Trinkhydrant,10,
TRINKBRUNNENOGD.fid-761673fc_19a031f728b_-71d3,6152845,POINT (16.32450266402744 48.2079531015852),Auslaufbrunnen,7,
TRINKBRUNNENOGD.fid-761673fc_19a031f728b_-71d2,6152846,POINT (16.397001277895583 48.19085239896027),Trinkhydrant,10,
TRINKBRUNNENOGD.fid-761673fc_19a031f728b_-71d1,6152847,POINT (16.501103841856715 48.23172226933095),Trinkhydrant,10,
TRINKBRUNNENOGD.fid-761673fc_19a031f728b_-71d0,6152848,POINT (16.30299823635074 48.19730459955188),Auslaufbrunnen,7,
TRINKBRUNNENOGD.fid-761673fc_19a031f728b_-71cf,6152849,POINT (16.502692228757848 48.22814117555423),Trinkhydrant,10,
TRINKBRUNNENOGD.fid-761673fc_19a031f728b_-71ce,6152850,POINT (16.500725060303466 48.22750382802504),Trinkhydrant,10,
TRINKBRUNNENOGD.fid-761673fc_19a031f728b_-71cd,6152851,POINT (16.328168340031176 48.1997135775379),Trinkhydrant,10,
TRINKBRUNNENOGD.fid-761673fc_19a031f728b_-71cc,6152852,POINT (16.311444025475126 48.20271249201458),Trinkhydrant,10,
TRINKBRUNNENOGD.fid-761673fc_19a031f728b_-71cb,6152853,POINT (16.314730052102266 48.216827216216885),Trinkhydrant,10,
TRINKBRUNNENOGD.fid-761673fc_19a031f728b_-71ca,6152854,POINT (16.324401784512645 48.20857759761731),Auslaufbrunnen,7,
TRINKBRUNNENOGD.fid-761673fc_19a031f728b_-71c9,6152855,POINT (16.391043050521112 48.2178144990258),Auslaufbrunnen,7,
TRINKBRUNNENOGD.fid-761673fc_19a031f728b_-71c8,6152856,POINT (16.380692867349648 48.178171507074865),Auslaufbrunnen,7,
TRINKBRUNNENOGD.fid-761673fc_19a031f728b_-71c7,6152857,POINT (16.380784824261806 48.14992143481838),Trinkhydrant,10,
TRINKBRUNNENOGD.fid-761673fc_19a031f728b_-71c6,6152858,POINT (16.314992824962676 48.21413695544227),Trinkhydrant,10,
TRINKBRUNNENOGD.fid-761673fc_19a031f728b_-71c5,6152859,POINT (16.313566250943133 48.218438415112296),Trinkhydrant,10,
TRINKBRUNNENOGD.fid-761673fc_19a031f728b_-71c4,6152860,POINT (16.333846929413653 48.212870078619154),Trinkhydrant,10,
TRINKBRUNNENOGD.fid-761673fc_19a031f728b_-71c3,6152861,POINT (16.310982062811426 48.21207531746253),Trinkhydrant,10,
TRINKBRUNNENOGD.fid-761673fc_19a031f728b_-71c2,6152862,POINT (16.344548838210148 48.207093961506764),Trinkhydrant,10,
TRINKBRUNNENOGD.fid-761673fc_19a031f728b_-71c1,6152863,POINT (16.43759645764714 48.24430449255418),Auslaufbrunnen,7,
TRINKBRUNNENOGD.fid-761673fc_19a031f728b_-71c0,6152864,POINT (16.44044955453959 48.24701390677792),Auslaufbrunnen,7,
TRINKBRUNNENOGD.fid-761673fc_19a031f728b_-71bf,6152865,POINT (16.328007393050424 48.18681966351404),Trinkhydrant,10,
TRINKBRUNNENOGD.fid-761673fc_19a031f728b_-71be,6152866,POINT (16.487056233286296 48.24169198868779),Trinkhydrant,10,
TRINKBRUNNENOGD.fid-761673fc_19a031f728b_-71bd,6152867,POINT (16.48603541044003 48.24118842858303),Trinkhydrant,10,
TRINKBRUNNENOGD.fid-761673fc_19a031f728b_-71bc,6152868,POINT (16.316799083156873 48.21329685953847),Trinkhydrant,10,
TRINKBRUNNENOGD.fid-761673fc_19a031f728b_-71bb,6152869,POINT (16.37054288380945 48.20577700320548),Trinkhydrant,10,
TRINKBRUNNENOGD.fid-761673fc_19a031f728b_-71ba,6152870,POINT (16.386831042552785 48.29506707117531),Trinkhydrant,10,
TRINKBRUNNENOGD.fid-761673fc_19a031f728b_-71b9,6152871,POINT (16.290657560745256 48.16139508070584),Auslaufbrunnen,7,
TRINKBRUNNENOGD.fid-761673fc_19a031f728b_-71b8,6152872,POINT (16.352836394032295 48.20474417803731),Trinkhydrant,10,
TRINKBRUNNENOGD.fid-761673fc_19a031f728b_-71b7,6152873,POINT (16.30562715288874 48.18987225969721),Trinkhydrant,10,
TRINKBRUNNENOGD.fid-761673fc_19a031f728b_-71b6,6152874,POINT (16.366697211884066 48.22717953583313),Auslaufbrunnen,7,
TRINKBRUNNENOGD.fid-761673fc_19a031f728b_-71b5,6152875,POINT (16.38467610064627 48.21451295516077),Auslaufbrunnen,7,
TRINKBRUNNENOGD.fid-761673fc_19a031f728b_-71b4,6152876,POINT (16.284167986404412 48.18724431938996),Trinkhydrant,10,
TRINKBRUNNENOGD.fid-761673fc_19a031f728b_-71b3,6152877,POINT (16.32482140770331 48.20924140037494),Auslaufbrunnen,7,
TRINKBRUNNENOGD.fid-761673fc_19a031f728b_-71b2,6152878,POINT (16.31537610672303 48.19790399146566),Auslaufbrunnen,7,
TRINKBRUNNENOGD.fid-761673fc_19a031f728b_-71b1,6152879,POINT (16.317748104375255 48.19784001086602),Trinkhydrant,10,
TRINKBRUNNENOGD.fid-761673fc_19a031f728b_-71b0,6152880,POINT (16.328736810953654 48.2086818370514),Auslaufbrunnen,7,
TRINKBRUNNENOGD.fid-761673fc_19a031f728b_-71af,6152881,POINT (16.321153553909514 48.21116371643121),Auslaufbrunnen,7,
TRINKBRUNNENOGD.fid-761673fc_19a031f728b_-71ae,6152882,POINT (16.311633498853645 48.21279783349464),Auslaufbrunnen,7,
TRINKBRUNNENOGD.fid-761673fc_19a031f728b_-71ad,6152883,POINT (16.318043505992783 48.211655306882086),Auslaufbrunnen,7,
TRINKBRUNNENOGD.fid-761673fc_19a031f728b_-71ac,6152884,POINT (16.319754788688517 48.211515371749215),Auslaufbrunnen,7,
TRINKBRUNNENOGD.fid-761673fc_19a031f728b_-71ab,6152885,POINT (16.32549472517227 48.19888676522907),Trinkhydrant,10,
TRINKBRUNNENOGD.fid-761673fc_19a031f728b_-71aa,6152886,POINT (16.367488275929837 48.17763165306736),Auslaufbrunnen,7,
TRINKBRUNNENOGD.fid-761673fc_19a031f728b_-71a9,6152887,POINT (16.4088044188336 48.18211986345006),Trinkhydrant,10,
TRINKBRUNNENOGD.fid-761673fc_19a031f728b_-71a8,6152888,POINT (16.28443214924683 48.16276929896322),Trinkhydrant,10,
TRINKBRUNNENOGD.fid-761673fc_19a031f728b_-71a7,6152889,POINT (16.47789967992655 48.21904170913275),Trinkhydrant,10,
TRINKBRUNNENOGD.fid-761673fc_19a031f728b_-71a6,6152890,POINT (16.371791180380406 48.19018128659943),Trinkhydrant,10,
TRINKBRUNNENOGD.fid-761673fc_19a031f728b_-71a5,6152891,POINT (16.43866002839358 48.24535700021119),Auslaufbrunnen,7,
TRINKBRUNNENOGD.fid-761673fc_19a031f728b_-71a4,6152892,POINT (16.438038675943286 48.24478322128967),Auslaufbrunnen,7,
TRINKBRUNNENOGD.fid-761673fc_19a031f728b_-71a3,6152893,POINT (16.393171145154767 48.229366610081456),Auslaufbrunnen,7,
TRINKBRUNNENOGD.fid-761673fc_19a031f728b_-71a2,6152895,POINT (16.381453272144398 48.24680910515153),Auslaufbrunnen,7,
TRINKBRUNNENOGD.fid-761673fc_19a031f728b_-71a1,6152896,POINT (16.494588757052714 48.19425676674585),Auslaufbrunnen,7,
TRINKBRUNNENOGD.fid-761673fc_19a031f728b_-71a0,6152897,POINT (16.345877308168404 48.2102544632103),Trinkhydrant,10,
TRINKBRUNNENOGD.fid-761673fc_19a031f728b_-719f,6152898,POINT (16.418336250236457 48.296285060248486),Trinkhydrant,10,
TRINKBRUNNENOGD.fid-761673fc_19a031f728b_-719e,6152899,POINT (16.375875542957143 48.19030044678059),Auslaufbrunnen,7,
TRINKBRUNNENOGD.fid-761673fc_19a031f728b_-719d,6152900,POINT (16.300414352850613 48.152245116123304),Auslaufbrunnen,7,
TRINKBRUNNENOGD.fid-761673fc_19a031f728b_-719c,6152901,POINT (16.332381394666246 48.19366178991438),Trinkhydrant,10,
TRINKBRUNNENOGD.fid-761673fc_19a031f728b_-719b,6152902,POINT (16.36445948839615 48.186558381256035),Trinkhydrant,10,
TRINKBRUNNENOGD.fid-761673fc_19a031f728b_-719a,6152903,POINT (16.378010184464237 48.242858298899364),Trinkhydrant,10,
TRINKBRUNNENOGD.fid-761673fc_19a031f728b_-7199,6152904,POINT (16.307723602215635 48.2192024352975),Trinkhydrant,10,
TRINKBRUNNENOGD.fid-761673fc_19a031f728b_-7198,6152905,POINT (16.37053714663867 48.20947035169178),Trinkhydrant,10,
TRINKBRUNNENOGD.fid-761673fc_19a031f728b_-7197,6152906,POINT (16.371538283513736 48.209593155894574),Trinkhydrant,10,
TRINKBRUNNENOGD.fid-761673fc_19a031f728b_-7196,6152907,POINT (16.315715514326193 48.21247396773184),Auslaufbrunnen,7,
TRINKBRUNNENOGD.fid-761673fc_19a031f728b_-7195,6152908,POINT (16.4209209098949 48.26059814361898),Trinkhydrant,10,
TRINKBRUNNENOGD.fid-761673fc_19a031f728b_-7194,6152909,POINT (16.37274722499471 48.1822108400772),Auslaufbrunnen,7,
TRINKBRUNNENOGD.fid-761673fc_19a031f728b_-7193,6152910,POINT (16.34505033741204 48.20169234937733),Trinkhydrant,10,
TRINKBRUNNENOGD.fid-761673fc_19a031f728b_-7192,6152911,POINT (16.3706644858806 48.20638526477558),Trinkhydrant,10,
TRINKBRUNNENOGD.fid-761673fc_19a031f728b_-7191,6152912,POINT (16.344396966519806 48.22490961952483),Trinkhydrant,10,
TRINKBRUNNENOGD.fid-761673fc_19a031f728b_-7190,6152913,POINT (16.439615558867782 48.246183555614216),Auslaufbrunnen,7,
TRINKBRUNNENOGD.fid-761673fc_19a031f728b_-718f,6152914,POINT (16.371229416975247 48.191113492679),Trinkhydrant,10,
TRINKBRUNNENOGD.fid-761673fc_19a031f728b_-718e,6152915,POINT (16.40243649874698 48.21543983863561),Auslaufbrunnen,7,
TRINKBRUNNENOGD.fid-761673fc_19a031f728b_-718d,6152916,POINT (16.34385942730799 48.20645689228114),Trinkhydrant,10,
TRINKBRUNNENOGD.fid-761673fc_19a031f728b_-718c,6152917,POINT (16.365461133613984 48.211906670137424),Trinkhydrant,10,
TRINKBRUNNENOGD.fid-761673fc_19a031f728b_-718b,6152918,POINT (16.341947345080676 48.20668166819346),Trinkhydrant,10,
TRINKBRUNNENOGD.fid-761673fc_19a031f728b_-718a,6152919,POINT (16.333531724318135 48.2092995171717),Auslaufbrunnen,7,
TRINKBRUNNENOGD.fid-761673fc_19a031f728b_-7189,6152920,POINT (16.330346301849307 48.20987852466826),Auslaufbrunnen,7,
TRINKBRUNNENOGD.fid-761673fc_19a031f728b_-7188,6152921,POINT (16.329667599991755 48.20987021924958),Auslaufbrunnen,7,
TRINKBRUNNENOGD.fid-761673fc_19a031f728b_-7187,6152922,POINT (16.316296109331212 48.212010796547965),Auslaufbrunnen,7,
TRINKBRUNNENOGD.fid-761673fc_19a031f728b_-7186,6152923,POINT (16.2814502527263 48.13239346512604),Auslaufbrunnen,7,
TRINKBRUNNENOGD.fid-761673fc_19a031f728b_-7185,6152924,POINT (16.44306632176254 48.249164753860995),Auslaufbrunnen,7,
TRINKBRUNNENOGD.fid-761673fc_19a031f728b_-7184,6152925,POINT (16.302472317046313 48.214068013685385),Trinkhydrant,10,
TRINKBRUNNENOGD.fid-761673fc_19a031f728b_-7183,6152926,POINT (16.390495444518116 48.20860166644777),Trinkhydrant,10,
TRINKBRUNNENOGD.fid-761673fc_19a031f728b_-7182,6152927,POINT (16.35311902766423 48.208317898489376),Trinkhydrant,10,
TRINKBRUNNENOGD.fid-761673fc_19a031f728b_-7181,6152928,POINT (16.43762462509684 48.25516749682834),Trinkhydrant,10,
TRINKBRUNNENOGD.fid-761673fc_19a031f728b_-7180,6152929,POINT (16.31506840050827 48.17549495462033),Trinkhydrant,10,
TRINKBRUNNENOGD.fid-761673fc_19a031f728b_-717f,6152930,POINT (16.32314449337904 48.22831744983746),Trinkhydrant,10,
TRINKBRUNNENOGD.fid-761673fc_19a031f728b_-717e,6152931,POINT (16.352564242054495 48.18143642486348),Auslaufbrunnen,7,
TRINKBRUNNENOGD.fid-761673fc_19a031f728b_-717d,6152932,POINT (16.37458781093272 48.181229685799536),Trinkhydrant,10,
TRINKBRUNNENOGD.fid-761673fc_19a031f728b_-717c,6152933,POINT (16.349413154101942 48.18233670140172),Trinkhydrant,10,
TRINKBRUNNENOGD.fid-761673fc_19a031f728b_-717b,6152934,POINT (16.349813967959985 48.20417172876291),Trinkhydrant,10,
TRINKBRUNNENOGD.fid-761673fc_19a031f728b_-717a,6152935,POINT (16.3332001971229 48.216445244380324),Trinkhydrant,10,
TRINKBRUNNENOGD.fid-761673fc_19a031f728b_-7179,6152936,POINT (16.411603706926712 48.221556378620356),Auslaufbrunnen,7,
TRINKBRUNNENOGD.fid-761673fc_19a031f728b_-7178,6152937,POINT (16.447762956442705 48.152340132991185),Auslaufbrunnen,7,
TRINKBRUNNENOGD.fid-761673fc_19a031f728b_-7177,6152894,POINT (16.347612968648704 48.20496285548339),Auslaufbrunnen,7,
TRINKBRUNNENOGD.fid-761673fc_19a031f728b_-7176,6152938,POINT (16.36836771057525 48.17751819807144),Trinkhydrant,10,
TRINKBRUNNENOGD.fid-761673fc_19a031f728b_-7175,6152939,POINT (16.367053115580177 48.208156752337366),Trinkhydrant,10,
TRINKBRUNNENOGD.fid-761673fc_19a031f728b_-7174,6152940,POINT (16.386229097395837 48.21587565676316),Auslaufbrunnen,7,
TRINKBRUNNENOGD.fid-761673fc_19a031f728b_-7173,6152941,POINT (16.498104368315154 48.216336778120564),Trinkhydrant,10,
TRINKBRUNNENOGD.fid-761673fc_19a031f728b_-7172,6152942,POINT (16.332768634262322 48.19177057387755),Trinkhydrant,10,
TRINKBRUNNENOGD.fid-761673fc_19a031f728b_-7171,6152943,POINT (16.386823458817087 48.22279024372029),Trinkhydrant,10,
TRINKBRUNNENOGD.fid-761673fc_19a031f728b_-7170,6152944,POINT (16.464886992402008 48.15449805280396),Auslaufbrunnen,7,
TRINKBRUNNENOGD.fid-761673fc_19a031f728b_-716f,6152945,POINT (16.491464336953293 48.25919669285022),Auslaufbrunnen,7,
TRINKBRUNNENOGD.fid-761673fc_19a031f728b_-716e,6152946,POINT (16.27024462389152 48.24441509100327),Auslaufbrunnen,7,
TRINKBRUNNENOGD.fid-761673fc_19a031f728b_-716d,6152947,POINT (16.443501523986317 48.198767249864254),Auslaufbrunnen,7,
TRINKBRUNNENOGD.fid-761673fc_19a031f728b_-716c,6152948,POINT (16.39229023662088 48.20043909140112),Trinkhydrant,10,
TRINKBRUNNENOGD.fid-761673fc_19a031f728b_-716b,6152949,POINT (16.3679147446807 48.248795534152045),Auslaufbrunnen,7,
TRINKBRUNNENOGD.fid-761673fc_19a031f728b_-716a,6152950,POINT (16.353038588459537 48.23915380448452),Auslaufbrunnen,7,
TRINKBRUNNENOGD.fid-761673fc_19a031f728b_-7169,6152951,POINT (16.317221598052498 48.23654022152314),Trinkhydrant,10,
TRINKBRUNNENOGD.fid-761673fc_19a031f728b_-7168,6152952,POINT (16.387333124492265 48.21454192173774),Trinkhydrant,10,
TRINKBRUNNENOGD.fid-761673fc_19a031f728b_-7167,6152953,POINT (16.333057102430814 48.19230234086466),Trinkhydrant,10,
TRINKBRUNNENOGD.fid-761673fc_19a031f728b_-7166,6152954,POINT (16.2818944384401 48.18471054001676),Trinkhydrant,10,
TRINKBRUNNENOGD.fid-761673fc_19a031f728b_-7165,6152955,POINT (16.326183532260163 48.210508196695336),Auslaufbrunnen,7,
TRINKBRUNNENOGD.fid-761673fc_19a031f728b_-7164,6152956,POINT (16.3288507398253 48.210088888162296),Auslaufbrunnen,7,
TRINKBRUNNENOGD.fid-761673fc_19a031f728b_-7163,6152957,POINT (16.377228706751378 48.17678197075107),Auslaufbrunnen,7,
TRINKBRUNNENOGD.fid-761673fc_19a031f728b_-7162,6152958,POINT (16.231942236489406 48.20271412308168),Trinkbrunnen,4,
TRINKBRUNNENOGD.fid-761673fc_19a031f728b_-7161,6152959,POINT (16.25298048688404 48.198310403925596),Trinkbrunnen,4,
TRINKBRUNNENOGD.fid-761673fc_19a031f728b_-7160,6152960,POINT (16.252715978362808 48.17698419793403),Trinkbrunnen,4,
TRINKBRUNNENOGD.fid-761673fc_19a031f728b_-715f,6152961,POINT (16.256832237009004 48.1668560843959),Trinkbrunnen,4,
TRINKBRUNNENOGD.fid-761673fc_19a031f728b_-715e,6152962,POINT (16.222543117932293 48.15336222014685),Trinkbrunnen,4,
TRINKBRUNNENOGD.fid-761673fc_19a031f728b_-715d,6152963,POINT (16.18414902426429 48.16260836193108),Trinkbrunnen,4,
TRINKBRUNNENOGD.fid-761673fc_19a031f728b_-715c,6152964,POINT (16.33843250794281 48.167526080114406),Trinkbrunnen,4,
TRINKBRUNNENOGD.fid-761673fc_19a031f728b_-715b,6152965,POINT (16.338828059170865 48.16549619346353),Trinkbrunnen,4,
TRINKBRUNNENOGD.fid-761673fc_19a031f728b_-715a,6152966,POINT (16.358348241232456 48.15956859732309),Trinkbrunnen,4,
TRINKBRUNNENOGD.fid-761673fc_19a031f728b_-7159,6152967,POINT (16.3786101906091 48.20721567002453),Trinkbrunnen,4,
TRINKBRUNNENOGD.fid-761673fc_19a031f728b_-7158,6152968,POINT (16.404903178634328 48.21948677568982),Trinkbrunnen,4,
TRINKBRUNNENOGD.fid-761673fc_19a031f728b_-7157,6152969,POINT (16.39137792435043 48.20927017759814),Trinkbrunnen,4,
TRINKBRUNNENOGD.fid-761673fc_19a031f728b_-7156,6152970,POINT (16.363494833642758 48.19112121369806),Trinkbrunnen,4,
TRINKBRUNNENOGD.fid-761673fc_19a031f728b_-7155,6152971,POINT (16.358334681243832 48.200660856071),Trinkbrunnen,4,
TRINKBRUNNENOGD.fid-761673fc_19a031f728b_-7154,6152972,POINT (16.349135153668506 48.19802786497052),Trinkbrunnen,4,
TRINKBRUNNENOGD.fid-761673fc_19a031f728b_-7153,6152973,POINT (16.255434986170854 48.17852794758499),Trinkbrunnen,4,
TRINKBRUNNENOGD.fid-761673fc_19a031f728b_-7152,6152974,POINT (16.267731280555296 48.15083363928359),Trinkbrunnen,4,
TRINKBRUNNENOGD.fid-761673fc_19a031f728b_-7151,6152975,POINT (16.377389711996898 48.217412358400935),Trinkbrunnen,4,
TRINKBRUNNENOGD.fid-761673fc_19a031f728b_-7150,6152976,POINT (16.402111564515327 48.22168984198339),Trinkbrunnen,4,
TRINKBRUNNENOGD.fid-761673fc_19a031f728b_-714f,6152977,POINT (16.390222525481807 48.203049558567194),Trinkbrunnen,4,
TRINKBRUNNENOGD.fid-761673fc_19a031f728b_-714e,6152978,POINT (16.39102713553764 48.20249788597124),Trinkbrunnen,4,
TRINKBRUNNENOGD.fid-761673fc_19a031f728b_-714d,6152979,POINT (16.360429667589248 48.197249276955326),Trinkbrunnen,4,
TRINKBRUNNENOGD.fid-761673fc_19a031f728b_-714c,6152980,POINT (16.363524305111127 48.19858317569982),Trinkbrunnen,4,
TRINKBRUNNENOGD.fid-761673fc_19a031f728b_-714b,6152981,POINT (16.36230350163605 48.197895849889136),Trinkbrunnen,4,
TRINKBRUNNENOGD.fid-761673fc_19a031f728b_-714a,6152982,POINT (16.364830919954276 48.19926820527756),Trinkbrunnen,4,
TRINKBRUNNENOGD.fid-761673fc_19a031f728b_-7149,6152983,POINT (16.332807290498888 48.180285839650594),Trinkbrunnen,4,
TRINKBRUNNENOGD.fid-761673fc_19a031f728b_-7148,6152984,POINT (16.333113745939563 48.18096012971604),Trinkbrunnen,4,
TRINKBRUNNENOGD.fid-761673fc_19a031f728b_-7147,6152985,POINT (16.32652370185239 48.19103156303732),Trinkbrunnen,4,
TRINKBRUNNENOGD.fid-761673fc_19a031f728b_-7146,6152986,POINT (16.369180232947233 48.23125327794865),Trinkbrunnen,4,
TRINKBRUNNENOGD.fid-761673fc_19a031f728b_-7145,6152987,POINT (16.335913607492888 48.210502677858486),Trinkbrunnen,4,
TRINKBRUNNENOGD.fid-761673fc_19a031f728b_-7144,6152988,POINT (16.341632630026552 48.24262749679165),Trinkbrunnen,4,
TRINKBRUNNENOGD.fid-761673fc_19a031f728b_-7143,6152989,POINT (16.344618943772375 48.22568103585982),Trinkbrunnen,4,
TRINKBRUNNENOGD.fid-761673fc_19a031f728b_-7142,6152990,POINT (16.33661018932592 48.2752012044249),Trinkbrunnen,4,
TRINKBRUNNENOGD.fid-761673fc_19a031f728b_-7141,6152991,POINT (16.33426205976575 48.22132469892032),Trinkbrunnen,4,
TRINKBRUNNENOGD.fid-761673fc_19a031f728b_-7140,6152992,POINT (16.36340794404146 48.21287277960804),Trinkbrunnen,4,
TRINKBRUNNENOGD.fid-761673fc_19a031f728b_-713f,6152993,POINT (16.377654995097203 48.17398138562023),Trinkbrunnen,4,
TRINKBRUNNENOGD.fid-761673fc_19a031f728b_-713e,6152994,POINT (16.33491497805331 48.21916100555419),Trinkbrunnen,4,
TRINKBRUNNENOGD.fid-761673fc_19a031f728b_-713d,6152995,POINT (16.374379328042195 48.18440561627956),Trinkbrunnen,4,
TRINKBRUNNENOGD.fid-761673fc_19a031f728b_-713c,6152996,POINT (16.335757328718195 48.20974349436148),Trinkbrunnen,4,
TRINKBRUNNENOGD.fid-761673fc_19a031f728b_-713b,6152997,POINT (16.418925005581155 48.23162439257331),Trinkbrunnen,4,
TRINKBRUNNENOGD.fid-761673fc_19a031f728b_-713a,6152998,POINT (16.319416674579912 48.24553826531504),Trinkbrunnen,4,
TRINKBRUNNENOGD.fid-761673fc_19a031f728b_-7139,6152999,POINT (16.32380845136116 48.25076967624292),Trinkbrunnen,4,
TRINKBRUNNENOGD.fid-761673fc_19a031f728b_-7138,6153000,POINT (16.33625547628982 48.21182211488758),Trinkbrunnen,4,
TRINKBRUNNENOGD.fid-761673fc_19a031f728b_-7137,6153001,POINT (16.335074174279494 48.213850220752214),Trinkbrunnen,4,
TRINKBRUNNENOGD.fid-761673fc_19a031f728b_-7136,6153002,POINT (16.468449163386335 48.194163679507064),Trinkbrunnen,4,
TRINKBRUNNENOGD.fid-761673fc_19a031f728b_-7135,6153003,POINT (16.371376805195304 48.21447458178873),Trinkbrunnen,4,
TRINKBRUNNENOGD.fid-761673fc_19a031f728b_-7134,6153004,POINT (16.361289390993 48.21684210457191),Trinkbrunnen,4,
TRINKBRUNNENOGD.fid-761673fc_19a031f728b_-7133,6153005,POINT (16.327343576976936 48.210117173525035),Trinkbrunnen,4,
TRINKBRUNNENOGD.fid-761673fc_19a031f728b_-7132,6153006,POINT (16.376373145887197 48.22566332960294),Trinkbrunnen,4,
TRINKBRUNNENOGD.fid-761673fc_19a031f728b_-7131,6153007,POINT (16.310261813147214 48.12272659423657),Trinkbrunnen,4,
TRINKBRUNNENOGD.fid-761673fc_19a031f728b_-7130,6153008,POINT (16.332472506680872 48.190240959205894),Trinkbrunnen,4,
TRINKBRUNNENOGD.fid-761673fc_19a031f728b_-712f,6153009,POINT (16.347968873885673 48.15837140991778),Trinkbrunnen,4,
TRINKBRUNNENOGD.fid-761673fc_19a031f728b_-712e,6153010,POINT (16.336618790185383 48.21391655310808),Trinkbrunnen,4,
TRINKBRUNNENOGD.fid-761673fc_19a031f728b_-712d,6153011,POINT (16.336384783530626 48.212843419972515),Trinkbrunnen,4,
TRINKBRUNNENOGD.fid-761673fc_19a031f728b_-712c,6153012,POINT (16.336611420672064 48.213516903821294),Trinkbrunnen,4,
TRINKBRUNNENOGD.fid-761673fc_19a031f728b_-712b,6153013,POINT (16.368534623942192 48.232135769416516),Trinkbrunnen,4,
TRINKBRUNNENOGD.fid-761673fc_19a031f728b_-712a,6153014,POINT (16.36866930340648 48.23169366338824),Trinkbrunnen,4,
TRINKBRUNNENOGD.fid-761673fc_19a031f728b_-7129,6153015,POINT (16.400896620282616 48.26188728517358),Trinkbrunnen,4,
TRINKBRUNNENOGD.fid-761673fc_19a031f728b_-7128,6153016,POINT (16.376206889801683 48.176560812884915),Trinkbrunnen,4,
TRINKBRUNNENOGD.fid-761673fc_19a031f728b_-7127,6153017,POINT (16.376394481963214 48.176953424957546),Trinkbrunnen,4,
TRINKBRUNNENOGD.fid-761673fc_19a031f728b_-7126,6153018,POINT (16.329871753700903 48.1815028150852),Trinkbrunnen,4,
TRINKBRUNNENOGD.fid-761673fc_19a031f728b_-7125,6153019,POINT (16.3786101906091 48.20721567002453),Trinkbrunnen,4,
TRINKBRUNNENOGD.fid-761673fc_19a031f728b_-7124,6153020,POINT (16.404903178634328 48.21948677568982),Trinkbrunnen,4,
TRINKBRUNNENOGD.fid-761673fc_19a031f728b_-7123,6153021,POINT (16.39137792435043 48.20927017759814),Trinkbrunnen,4,
TRINKBRUNNENOGD.fid-761673fc_19a031f728b_-7122,6153022,POINT (16.363494833642758 48.19112121369806),Trinkbrunnen,4,
TRINKBRUNNENOGD.fid-761673fc_19a031f728b_-7121,6153023,POINT (16.358334681243832 48.200660856071),Trinkbrunnen,4,
TRINKBRUNNENOGD.fid-761673fc_19a031f728b_-7120,6153024,POINT (16.349135153668506 48.19802786497052),Trinkbrunnen,4,
TRINKBRUNNENOGD.fid-761673fc_19a031f728b_-711f,6153025,POINT (16.255434986170854 48.17852794758499),Trinkbrunnen,4,
TRINKBRUNNENOGD.fid-761673fc_19a031f728b_-711e,6153026,POINT (16.267731280555296 48.15083363928359),Trinkbrunnen,4,
TRINKBRUNNENOGD.fid-761673fc_19a031f728b_-711d,6153027,POINT (16.377389711996898 48.217412358400935),Trinkbrunnen,4,
TRINKBRUNNENOGD.fid-761673fc_19a031f728b_-711c,6153028,POINT (16.402111564515327 48.22168984198339),Trinkbrunnen,4,
TRINKBRUNNENOGD.fid-761673fc_19a031f728b_-711b,6153029,POINT (16.390222525481807 48.203049558567194),Trinkbrunnen,4,
TRINKBRUNNENOGD.fid-761673fc_19a031f728b_-711a,6153030,POINT (16.51237674531499 48.16203921917851),Trinkbrunnen,4,
TRINKBRUNNENOGD.fid-761673fc_19a031f728b_-7119,6153031,POINT (16.50607855530505 48.164944945077146),Trinkbrunnen,4,
TRINKBRUNNENOGD.fid-761673fc_19a031f728b_-7118,6153032,POINT (16.466233942244564 48.18950267912922),Trinkbrunnen,4,
TRINKBRUNNENOGD.fid-761673fc_19a031f728b_-7117,6153033,POINT (16.46430693757465 48.191833769861866),Trinkbrunnen,4,
TRINKBRUNNENOGD.fid-761673fc_19a031f728b_-7116,6153034,POINT (16.432615313729855 48.21331764225294),Trinkbrunnen,4,
TRINKBRUNNENOGD.fid-761673fc_19a031f728b_-7115,6153035,POINT (16.42122993532458 48.21976016256855),Trinkbrunnen,4,
TRINKBRUNNENOGD.fid-761673fc_19a031f728b_-7114,6153036,POINT (16.409347145499392 48.22822199528344),Trinkbrunnen,4,
TRINKBRUNNENOGD.fid-761673fc_19a031f728b_-7113,6153037,POINT (16.40221274076495 48.233854777112406),Trinkbrunnen,4,
TRINKBRUNNENOGD.fid-761673fc_19a031f728b_-7112,6153038,POINT (16.39725572101909 48.23829055088243),Trinkbrunnen,4,
TRINKBRUNNENOGD.fid-761673fc_19a031f728b_-7111,6153039,POINT (16.394527002377885 48.24004370494614),Trinkbrunnen,4,
TRINKBRUNNENOGD.fid-761673fc_19a031f728b_-7110,6153040,POINT (16.393416774125797 48.24135353578079),Trinkbrunnen,4,
TRINKBRUNNENOGD.fid-761673fc_19a031f728b_-710f,6153041,POINT (16.38832227545123 48.24726367449235),Trinkbrunnen,4,
TRINKBRUNNENOGD.fid-761673fc_19a031f728b_-710e,6153042,POINT (16.38959226245794 48.247262281649284),Trinkbrunnen,4,
TRINKBRUNNENOGD.fid-761673fc_19a031f728b_-710d,6153043,POINT (16.391048605104707 48.243240572691896),Trinkbrunnen,4,
TRINKBRUNNENOGD.fid-761673fc_19a031f728b_-710c,6153044,POINT (16.39312224491088 48.243222035014306),Trinkbrunnen,4,
TRINKBRUNNENOGD.fid-761673fc_19a031f728b_-710b,6153045,POINT (16.3912442036941 48.245271219985966),Trinkbrunnen,4,
TRINKBRUNNENOGD.fid-761673fc_19a031f728b_-710a,6153046,POINT (16.38657375514842 48.249867973740976),Trinkbrunnen,4,
TRINKBRUNNENOGD.fid-761673fc_19a031f728b_-7109,6153047,POINT (16.382962012883898 48.25195363859416),Trinkbrunnen,4,
TRINKBRUNNENOGD.fid-761673fc_19a031f728b_-7108,6153048,POINT (16.347131854693018 48.297745577417345),Trinkbrunnen,4,
TRINKBRUNNENOGD.fid-761673fc_19a031f728b_-7107,6153049,POINT (16.41867580745145 48.22540911545787),Trinkbrunnen,4,
TRINKBRUNNENOGD.fid-761673fc_19a031f728b_-7106,6153050,POINT (16.456408665355973 48.20012820915835),Trinkbrunnen,4,
TRINKBRUNNENOGD.fid-761673fc_19a031f728b_-7105,6153051,POINT (16.508423749439547 48.1667036990539),Trinkbrunnen,4,
TRINKBRUNNENOGD.fid-761673fc_19a031f728b_-7104,6153052,POINT (16.452814910058525 48.202561339185735),Trinkbrunnen,4,
TRINKBRUNNENOGD.fid-761673fc_19a031f728b_-7103,6153053,POINT (16.44839882060314 48.20551003113077),Trinkbrunnen,4,
TRINKBRUNNENOGD.fid-761673fc_19a031f728b_-7102,6153054,POINT (16.504873298477115 48.1688518808225),Trinkbrunnen,4,
TRINKBRUNNENOGD.fid-761673fc_19a031f728b_-7101,6153055,POINT (16.49911928560931 48.17238500773741),Trinkbrunnen,4,
TRINKBRUNNENOGD.fid-761673fc_19a031f728b_-7100,6153056,POINT (16.49374902168579 48.175762682970955),Trinkbrunnen,4,
TRINKBRUNNENOGD.fid-761673fc_19a031f728b_-70ff,6153057,POINT (16.490814114892732 48.17749400030618),Trinkbrunnen,4,
TRINKBRUNNENOGD.fid-761673fc_19a031f728b_-70fe,6153058,POINT (16.482297983453613 48.183008676035506),Trinkbrunnen,4,
TRINKBRUNNENOGD.fid-761673fc_19a031f728b_-70fd,6153059,POINT (16.47384019363676 48.18852096533954),Trinkbrunnen,4,
TRINKBRUNNENOGD.fid-761673fc_19a031f728b_-70fc,6153060,POINT (16.47011986905183 48.190968997960226),Trinkbrunnen,4,
TRINKBRUNNENOGD.fid-761673fc_19a031f728b_-70fb,6153061,POINT (16.463075959220326 48.195599767322264),Trinkbrunnen,4,
TRINKBRUNNENOGD.fid-761673fc_19a031f728b_-70fa,6153062,POINT (16.43880321385991 48.21183410686641),Trinkbrunnen,4,
TRINKBRUNNENOGD.fid-761673fc_19a031f728b_-70f9,6153063,POINT (16.42218898189515 48.22313495101211),Trinkbrunnen,4,
TRINKBRUNNENOGD.fid-761673fc_19a031f728b_-70f8,6153064,POINT (16.407760120974014 48.23415066446701),Trinkbrunnen,4,
TRINKBRUNNENOGD.fid-761673fc_19a031f728b_-70f7,6153065,POINT (16.40245921005423 48.23903779735484),Trinkbrunnen,4,
TRINKBRUNNENOGD.fid-761673fc_19a031f728b_-70f6,6153066,POINT (16.404477644637264 48.23679935287096),Trinkbrunnen,4,
TRINKBRUNNENOGD.fid-761673fc_19a031f728b_-70f5,6153067,POINT (16.39868485063562 48.241611273091344),Trinkbrunnen,4,
TRINKBRUNNENOGD.fid-761673fc_19a031f728b_-70f4,6153068,POINT (16.39572647088423 48.24548333623085),Trinkbrunnen,4,
TRINKBRUNNENOGD.fid-761673fc_19a031f728b_-70f3,6153069,POINT (16.393795923921406 48.24701653753288),Trinkbrunnen,4,
TRINKBRUNNENOGD.fid-761673fc_19a031f728b_-70f2,6153070,POINT (16.375457301728954 48.267779661410756),Trinkbrunnen,4,
TRINKBRUNNENOGD.fid-761673fc_19a031f728b_-70f1,6150861,POINT (16.443694757424147 48.263280488573244),Zierbrunnen,6,
TRINKBRUNNENOGD.fid-761673fc_19a031f728b_-70f0,6150862,POINT (16.39836903701854 48.26442434729834),Trinkbrunnen mit Tränke,5,
TRINKBRUNNENOGD.fid-761673fc_19a031f728b_-70ef,6150863,POINT (16.39833257196675 48.26421793687344),Zierbrunnen,6,
TRINKBRUNNENOGD.fid-761673fc_19a031f728b_-70ee,6150864,POINT (16.317966418452535 48.21441119095769),Trinkbrunnen mit Tränke,5,
TRINKBRUNNENOGD.fid-761673fc_19a031f728b_-70ed,6150865,POINT (16.355726858884193 48.20370590071681),Trinkbrunnen,4,
TRINKBRUNNENOGD.fid-761673fc_19a031f728b_-70ec,6150866,POINT (16.346516511827108 48.20456905828049),Trinkbrunnen mit Tränke,5,
TRINKBRUNNENOGD.fid-761673fc_19a031f728b_-70eb,6150867,POINT (16.352192126811453 48.20267675752912),Spielbrunnen,3,
TRINKBRUNNENOGD.fid-761673fc_19a031f728b_-70ea,6150868,POINT (16.338537352427092 48.201431997753865),Trinkbrunnen,4,
TRINKBRUNNENOGD.fid-761673fc_19a031f728b_-70e9,6150869,POINT (16.338496117788914 48.202026768582584),Spielbrunnen,3,
TRINKBRUNNENOGD.fid-761673fc_19a031f728b_-70e8,6150870,POINT (16.355083550196106 48.20616536604556),Zierbrunnen,6,
TRINKBRUNNENOGD.fid-761673fc_19a031f728b_-70e7,6150871,POINT (16.330617779153084 48.19851315221989),Trinkbrunnen mit Tränke,5,
TRINKBRUNNENOGD.fid-761673fc_19a031f728b_-70e6,6150872,POINT (16.332362555614605 48.2040235245217),Trinkbrunnen mit Tränke,5,
TRINKBRUNNENOGD.fid-761673fc_19a031f728b_-70e5,6150873,POINT (16.33201022750836 48.20350240169231),Trinkbrunnen mit Tränke,5,
TRINKBRUNNENOGD.fid-761673fc_19a031f728b_-70e4,6150874,POINT (16.31893549292359 48.19411493229334),Trinkbrunnen mit Tränke,5,
TRINKBRUNNENOGD.fid-761673fc_19a031f728b_-70e3,6150875,POINT (16.29197029757936 48.16336911482504),Trinkbrunnen,4,
TRINKBRUNNENOGD.fid-761673fc_19a031f728b_-70e2,6150876,POINT (16.260095738502073 48.19364272838662),Trinkbrunnen mit Tränke,5,
TRINKBRUNNENOGD.fid-761673fc_19a031f728b_-70e1,6150877,POINT (16.26130769184869 48.19242262224393),Trinkbrunnen mit Tränke,5,
TRINKBRUNNENOGD.fid-761673fc_19a031f728b_-70e0,6150878,POINT (16.287154036030618 48.185535589066724),Trinkbrunnen mit Tränke,5,
TRINKBRUNNENOGD.fid-761673fc_19a031f728b_-70df,6150879,POINT (16.274365404633567 48.18121540640853),Trinkbrunnen mit Tränke,5,
TRINKBRUNNENOGD.fid-761673fc_19a031f728b_-70de,6150880,POINT (16.274409066714636 48.181074429881406),Spielbrunnen,3,
TRINKBRUNNENOGD.fid-761673fc_19a031f728b_-70dd,6150881,POINT (16.268380505274102 48.182374068677724),Trinkbrunnen mit Tränke,5,
TRINKBRUNNENOGD.fid-761673fc_19a031f728b_-70dc,6150882,POINT (16.288167919557285 48.16795473326517),Spielbrunnen,3,
TRINKBRUNNENOGD.fid-761673fc_19a031f728b_-70db,6150883,POINT (16.28751419895049 48.16782663888225),Trinkbrunnen,4,
TRINKBRUNNENOGD.fid-761673fc_19a031f728b_-70da,6150884,POINT (16.280991131368168 48.16573327479148),Trinkbrunnen,4,
TRINKBRUNNENOGD.fid-761673fc_19a031f728b_-70d9,6150885,POINT (16.296984699660495 48.16837278770223),Trinkbrunnen,4,
TRINKBRUNNENOGD.fid-761673fc_19a031f728b_-70d8,6150886,POINT (16.419400330242976 48.173890259387456),Trinkbrunnen mit Tränke,5,
TRINKBRUNNENOGD.fid-761673fc_19a031f728b_-70d7,6150887,POINT (16.342545047320097 48.2075537639688),Bodenfontäne,12,
TRINKBRUNNENOGD.fid-761673fc_19a031f728b_-70d6,6150888,POINT (16.367600011064756 48.16643830061283),Trinkbrunnen mit Tränke,5,
TRINKBRUNNENOGD.fid-761673fc_19a031f728b_-70d5,6150889,POINT (16.384412655706054 48.175937406158496),Trinkbrunnen mit Tränke,5,
TRINKBRUNNENOGD.fid-761673fc_19a031f728b_-70d4,6150890,POINT (16.368661084170476 48.17454842777709),Trinkbrunnen mit Tränke,5,
TRINKBRUNNENOGD.fid-761673fc_19a031f728b_-70d3,6150891,POINT (16.36854271414976 48.17469764521685),Trinkbrunnen mit Tränke,5,
TRINKBRUNNENOGD.fid-761673fc_19a031f728b_-70d2,6150892,POINT (16.490532619984617 48.214538768933814),Trinkbrunnen mit Tränke,5,
TRINKBRUNNENOGD.fid-761673fc_19a031f728b_-70d1,6150893,POINT (16.368074990025296 48.17470993683706),Spielbrunnen,3,
TRINKBRUNNENOGD.fid-761673fc_19a031f728b_-70d0,6150894,POINT (16.368119326349614 48.17535505958252),Trinkbrunnen mit Tränke,5,
TRINKBRUNNENOGD.fid-761673fc_19a031f728b_-70cf,6150895,POINT (16.379591399827852 48.16563214380331),Trinkbrunnen mit Tränke,5,
TRINKBRUNNENOGD.fid-761673fc_19a031f728b_-70ce,6150896,POINT (16.38639148179954 48.172141007068966),Trinkbrunnen mit Tränke,5,
TRINKBRUNNENOGD.fid-761673fc_19a031f728b_-70cd,6150897,POINT (16.3941536265562 48.171734152118965),Trinkbrunnen mit Tränke,5,
TRINKBRUNNENOGD.fid-761673fc_19a031f728b_-70cc,6150898,POINT (16.37773965842542 48.16671964600139),Trinkbrunnen mit Tränke,5,
TRINKBRUNNENOGD.fid-761673fc_19a031f728b_-70cb,6150899,POINT (16.352041008361912 48.16945401021586),Spielbrunnen,3,
TRINKBRUNNENOGD.fid-761673fc_19a031f728b_-70ca,6150900,POINT (16.352072395088488 48.16940088435666),Trinkbrunnen mit Tränke,5,
TRINKBRUNNENOGD.fid-761673fc_19a031f728b_-70c9,6150901,POINT (16.3840038571101 48.16787973658567),Trinkbrunnen mit Tränke,5,
TRINKBRUNNENOGD.fid-761673fc_19a031f728b_-70c8,6150902,POINT (16.384676080911785 48.16708329811881),Trinkbrunnen mit Tränke,5,
TRINKBRUNNENOGD.fid-761673fc_19a031f728b_-70c7,6150903,POINT (16.371293738851172 48.172903147055266),Zierbrunnen,6,
TRINKBRUNNENOGD.fid-761673fc_19a031f728b_-70c6,6150904,POINT (16.37118068146185 48.173428844803816),Spielbrunnen,3,
TRINKBRUNNENOGD.fid-761673fc_19a031f728b_-70c5,6150905,POINT (16.37164703812359 48.17334482769423),Trinkbrunnen mit Tränke,5,
TRINKBRUNNENOGD.fid-761673fc_19a031f728b_-70c4,6151454,POINT (16.402621334154954 48.211208125100406),Grundwasserbrunnen,1,
TRINKBRUNNENOGD.fid-761673fc_19a031f728b_-70c3,6151455,POINT (16.477367408568043 48.253734098768724),Trinkbrunnen,4,
TRINKBRUNNENOGD.fid-761673fc_19a031f728b_-70c2,6151456,POINT (16.439164624668578 48.23840796506686),Trinkbrunnen,4,
TRINKBRUNNENOGD.fid-761673fc_19a031f728b_-70c1,6151457,POINT (16.483676190445983 48.28088862733431),Trinkbrunnen,4,
TRINKBRUNNENOGD.fid-761673fc_19a031f728b_-70c0,6151458,POINT (16.4131118873763 48.27506925932607),Trinkbrunnen,4,
TRINKBRUNNENOGD.fid-761673fc_19a031f728b_-70bf,6151459,POINT (16.35374710011913 48.19768620662505),Zierbrunnen,6,
TRINKBRUNNENOGD.fid-761673fc_19a031f728b_-70be,6151460,POINT (16.44507675187484 48.27172422603598),Spielbrunnen,3,
TRINKBRUNNENOGD.fid-761673fc_19a031f728b_-70bd,6151461,POINT (16.387236161869986 48.1868716310427),Grundwasserbrunnen,1,
TRINKBRUNNENOGD.fid-761673fc_19a031f728b_-70bc,6151462,POINT (16.38704592014277 48.188080485965294),Grundwasserbrunnen,1,
TRINKBRUNNENOGD.fid-761673fc_19a031f728b_-70bb,6151463,POINT (16.249790111641758 48.218147086797586),Trinkbrunnen,4,
TRINKBRUNNENOGD.fid-761673fc_19a031f728b_-70ba,6151464,POINT (16.402998934237363 48.16484689382682),Trinkbrunnen mit Tränke,5,
TRINKBRUNNENOGD.fid-761673fc_19a031f728b_-70b9,6151465,POINT (16.408124790545255 48.13499757625749),Spielbrunnen,3,
TRINKBRUNNENOGD.fid-761673fc_19a031f728b_-70b8,6151466,POINT (16.420126296035498 48.132184427489115),Trinkbrunnen mit Tränke,5,
TRINKBRUNNENOGD.fid-761673fc_19a031f728b_-70b7,6151467,POINT (16.398349073961988 48.14690396744809),Trinkbrunnen,4,
TRINKBRUNNENOGD.fid-761673fc_19a031f728b_-70b6,6151468,POINT (16.40089474330101 48.14799108711172),Trinkbrunnen mit Tränke,5,
TRINKBRUNNENOGD.fid-761673fc_19a031f728b_-70b5,6151469,POINT (16.399007563979907 48.150261911334916),Trinkbrunnen mit Tränke,5,
TRINKBRUNNENOGD.fid-761673fc_19a031f728b_-70b4,6151470,POINT (16.406878886503396 48.14558377022721),Trinkbrunnen mit Tränke,5,
TRINKBRUNNENOGD.fid-761673fc_19a031f728b_-70b3,6151471,POINT (16.40563328820581 48.14838868581974),Spielbrunnen,3,
TRINKBRUNNENOGD.fid-761673fc_19a031f728b_-70b2,6151472,POINT (16.405569224435666 48.145577370596776),Zierbrunnen,6,
TRINKBRUNNENOGD.fid-761673fc_19a031f728b_-70b1,6151473,POINT (16.383545349028456 48.269912656132156),Trinkbrunnen,4,
TRINKBRUNNENOGD.fid-761673fc_19a031f728b_-70b0,6151474,POINT (16.383317864178203 48.26879228917695),Trinkbrunnen mit Tränke,5,
TRINKBRUNNENOGD.fid-761673fc_19a031f728b_-70af,6151475,POINT (16.32595909793962 48.16651614402761),Trinkbrunnen mit Tränke,5,
TRINKBRUNNENOGD.fid-761673fc_19a031f728b_-70ae,6151476,POINT (16.353909181002827 48.22150508408214),Trinkbrunnen mit Tränke,5,
TRINKBRUNNENOGD.fid-761673fc_19a031f728b_-70ad,6151477,POINT (16.313151072342666 48.20916956773758),Trinkbrunnen mit Tränke,5,
TRINKBRUNNENOGD.fid-761673fc_19a031f728b_-70ac,6151478,POINT (16.33283340914614 48.2135779160336),Trinkbrunnen,4,
TRINKBRUNNENOGD.fid-761673fc_19a031f728b_-70ab,6151479,POINT (16.304468385742545 48.20872023648541),Trinkbrunnen mit Tränke,5,
TRINKBRUNNENOGD.fid-761673fc_19a031f728b_-70aa,6151480,POINT (16.331789550994536 48.21064376439063),Trinkbrunnen,4,
TRINKBRUNNENOGD.fid-761673fc_19a031f728b_-70a9,6151481,POINT (16.334138181746113 48.205990869370666),Trinkbrunnen mit Tränke,5,
TRINKBRUNNENOGD.fid-761673fc_19a031f728b_-70a8,6151482,POINT (16.334163217284996 48.20572937293811),Trinkbrunnen,4,
TRINKBRUNNENOGD.fid-761673fc_19a031f728b_-70a7,6151483,POINT (16.312576020814866 48.21562560293014),Trinkbrunnen,4,
TRINKBRUNNENOGD.fid-761673fc_19a031f728b_-70a6,6151484,POINT (16.404142567680292 48.14562342399943),Trinkbrunnen mit Tränke,5,
TRINKBRUNNENOGD.fid-761673fc_19a031f728b_-70a5,6151485,POINT (16.401487899347625 48.146818612954384),Trinkbrunnen mit Tränke,5,
TRINKBRUNNENOGD.fid-761673fc_19a031f728b_-70a4,6151486,POINT (16.405443279767933 48.14849148531432),Trinkbrunnen mit Tränke,5,
TRINKBRUNNENOGD.fid-761673fc_19a031f728b_-70a3,6151442,POINT (16.41293085808317 48.18200006245253),Trinkbrunnen mit Tränke,5,
TRINKBRUNNENOGD.fid-761673fc_19a031f728b_-70a2,6151443,POINT (16.41078869892435 48.181298803026294),Trinkbrunnen mit Tränke,5,
TRINKBRUNNENOGD.fid-761673fc_19a031f728b_-70a1,6151444,POINT (16.412933014976254 48.18147334902946),Trinkbrunnen mit Tränke,5,
TRINKBRUNNENOGD.fid-761673fc_19a031f728b_-70a0,6151445,POINT (16.420793971005775 48.17949643032547),Trinkbrunnen mit Tränke,5,
TRINKBRUNNENOGD.fid-761673fc_19a031f728b_-709f,6151446,POINT (16.415304298158578 48.17928429518888),Trinkbrunnen,4,
TRINKBRUNNENOGD.fid-761673fc_19a031f728b_-709e,6151447,POINT (16.422811823054978 48.17748062617628),Spielbrunnen,3,
TRINKBRUNNENOGD.fid-761673fc_19a031f728b_-709d,6151448,POINT (16.498973109707045 48.22268722097926),Trinkbrunnen mit Tränke,5,
TRINKBRUNNENOGD.fid-761673fc_19a031f728b_-709c,6151449,POINT (16.502162342830427 48.22340961161382),Trinkbrunnen mit Tränke,5,
TRINKBRUNNENOGD.fid-761673fc_19a031f728b_-709b,6151450,POINT (16.501694777839646 48.22314531021325),Spielbrunnen,3,
TRINKBRUNNENOGD.fid-761673fc_19a031f728b_-709a,6151451,POINT (16.500686929141477 48.223939046266906),Trinkbrunnen mit Tränke,5,
TRINKBRUNNENOGD.fid-761673fc_19a031f728b_-7099,6151452,POINT (16.36944707980362 48.22578847758729),Grundwasserbrunnen,1,
TRINKBRUNNENOGD.fid-761673fc_19a031f728b_-7098,6151453,POINT (16.394568964632814 48.24963750421139),Trinkbrunnen mit Tränke,5,
TRINKBRUNNENOGD.fid-761673fc_19a031f728b_-7097,6150906,POINT (16.368724356945798 48.17810474995009),Trinkbrunnen mit Tränke,5,
TRINKBRUNNENOGD.fid-761673fc_19a031f728b_-7096,6150907,POINT (16.354156189512523 48.174815873578105),Trinkbrunnen mit Tränke,5,
TRINKBRUNNENOGD.fid-761673fc_19a031f728b_-7095,6150908,POINT (16.354731896212197 48.17563620927874),Trinkbrunnen mit Tränke,5,
TRINKBRUNNENOGD.fid-761673fc_19a031f728b_-7094,6150909,POINT (16.366293443785374 48.181369383976964),Trinkbrunnen mit Tränke,5,
TRINKBRUNNENOGD.fid-761673fc_19a031f728b_-7093,6150910,POINT (16.36537846428343 48.180310120485096),Trinkbrunnen,4,
TRINKBRUNNENOGD.fid-761673fc_19a031f728b_-7092,6150911,POINT (16.359935819736485 48.17687984437315),Zierbrunnen,6,
TRINKBRUNNENOGD.fid-761673fc_19a031f728b_-7091,6150912,POINT (16.360183344580637 48.17683046657048),Trinkbrunnen,4,
TRINKBRUNNENOGD.fid-761673fc_19a031f728b_-7090,6150913,POINT (16.38063787665156 48.20305258933968),Zierbrunnen,6,
TRINKBRUNNENOGD.fid-761673fc_19a031f728b_-708f,6150914,POINT (16.381687448341733 48.204817998324884),Trinkbrunnen,4,
TRINKBRUNNENOGD.fid-761673fc_19a031f728b_-708e,6150915,POINT (16.248046000094615 48.210088949148435),Trinkbrunnen mit Tränke,5,
TRINKBRUNNENOGD.fid-761673fc_19a031f728b_-708d,6150916,POINT (16.291057420742757 48.159223413056885),Trinkbrunnen mit Tränke,5,
TRINKBRUNNENOGD.fid-761673fc_19a031f728b_-708c,6150917,POINT (16.396322569863763 48.225947148009546),Trinkbrunnen mit Tränke,5,
TRINKBRUNNENOGD.fid-761673fc_19a031f728b_-708b,6150918,POINT (16.38435325010757 48.21782611048072),Zierbrunnen,6,
TRINKBRUNNENOGD.fid-761673fc_19a031f728b_-708a,6150919,POINT (16.343378110079914 48.188323878857304),Trinkbrunnen mit Tränke,5,
TRINKBRUNNENOGD.fid-761673fc_19a031f728b_-7089,6150920,POINT (16.331715589475547 48.19064598040783),Trinkbrunnen mit Tränke,5,
TRINKBRUNNENOGD.fid-761673fc_19a031f728b_-7088,6150921,POINT (16.317800926196963 48.179207639980135),Spielbrunnen,3,
TRINKBRUNNENOGD.fid-761673fc_19a031f728b_-7087,6150922,POINT (16.424827328692416 48.15697487875277),Trinkbrunnen mit Tränke,5,
TRINKBRUNNENOGD.fid-761673fc_19a031f728b_-7086,6150923,POINT (16.42477067769831 48.157405012680734),Trinkbrunnen mit Tränke,5,
TRINKBRUNNENOGD.fid-761673fc_19a031f728b_-7085,6150924,POINT (16.424537552084338 48.157665769494365),Spielbrunnen,3,
TRINKBRUNNENOGD.fid-761673fc_19a031f728b_-7084,6150925,POINT (16.417809239072515 48.16744375809138),Trinkbrunnen mit Tränke,5,
TRINKBRUNNENOGD.fid-761673fc_19a031f728b_-7083,6150926,POINT (16.425668101485137 48.176528548033495),Trinkbrunnen mit Tränke,5,
TRINKBRUNNENOGD.fid-761673fc_19a031f728b_-7082,6150927,POINT (16.469792584462873 48.15472392650567),Trinkbrunnen mit Tränke,5,
TRINKBRUNNENOGD.fid-761673fc_19a031f728b_-7081,6150928,POINT (16.46937186238755 48.15457403158787),Trinkbrunnen mit Tränke,5,
TRINKBRUNNENOGD.fid-761673fc_19a031f728b_-7080,6150929,POINT (16.46020808517618 48.15395553769335),Trinkbrunnen mit Tränke,5,
TRINKBRUNNENOGD.fid-761673fc_19a031f728b_-707f,6150930,POINT (16.461610370211222 48.153318492595346),Trinkbrunnen mit Tränke,5,
TRINKBRUNNENOGD.fid-761673fc_19a031f728b_-707e,6150931,POINT (16.46624525124447 48.1517658787785),Trinkbrunnen mit Tränke,5,
TRINKBRUNNENOGD.fid-761673fc_19a031f728b_-707d,6150932,POINT (16.443209590302658 48.161184271095),Trinkbrunnen,4,
TRINKBRUNNENOGD.fid-761673fc_19a031f728b_-707c,6150933,POINT (16.442059224749997 48.16139150102285),Trinkbrunnen,4,
TRINKBRUNNENOGD.fid-761673fc_19a031f728b_-707b,6150934,POINT (16.443731511556503 48.16104253773076),Trinkbrunnen mit Tränke,5,
TRINKBRUNNENOGD.fid-761673fc_19a031f728b_-707a,6150935,POINT (16.411018252834907 48.17358536173573),Trinkbrunnen,4,
TRINKBRUNNENOGD.fid-761673fc_19a031f728b_-7079,6150936,POINT (16.30635734960483 48.16926401880275),Trinkbrunnen,4,
TRINKBRUNNENOGD.fid-761673fc_19a031f728b_-7078,6150937,POINT (16.378320489246768 48.17080887300304),Trinkbrunnen mit Tränke,5,
TRINKBRUNNENOGD.fid-761673fc_19a031f728b_-7077,6150938,POINT (16.40880027205016 48.17197788722146),Trinkbrunnen mit Tränke,5,
TRINKBRUNNENOGD.fid-761673fc_19a031f728b_-7076,6150939,POINT (16.410472271706556 48.17196639309935),Trinkbrunnen mit Tränke,5,
TRINKBRUNNENOGD.fid-761673fc_19a031f728b_-7075,6150940,POINT (16.41008574719818 48.17252868175644),Zierbrunnen,6,
TRINKBRUNNENOGD.fid-761673fc_19a031f728b_-7074,6150941,POINT (16.411057710158662 48.16929127406715),Trinkbrunnen mit Tränke,5,
TRINKBRUNNENOGD.fid-761673fc_19a031f728b_-7073,6150942,POINT (16.471966862323686 48.15716095265392),Spielbrunnen,3,
TRINKBRUNNENOGD.fid-761673fc_19a031f728b_-7072,6150943,POINT (16.471808472829764 48.16014584603353),Trinkbrunnen mit Tränke,5,
TRINKBRUNNENOGD.fid-761673fc_19a031f728b_-7071,6150944,POINT (16.418618935886894 48.169013141918775),Trinkbrunnen mit Tränke,5,
TRINKBRUNNENOGD.fid-761673fc_19a031f728b_-7070,6150945,POINT (16.41418583823232 48.17121253958396),Trinkbrunnen mit Tränke,5,
TRINKBRUNNENOGD.fid-761673fc_19a031f728b_-706f,6150946,POINT (16.356321846020165 48.193857988960545),Trinkbrunnen mit Tränke,5,
TRINKBRUNNENOGD.fid-761673fc_19a031f728b_-706e,6150947,POINT (16.354478571263073 48.189768837947696),Trinkbrunnen,4,
TRINKBRUNNENOGD.fid-761673fc_19a031f728b_-706d,6150948,POINT (16.411704080848704 48.2516223670164),Spielbrunnen,3,
TRINKBRUNNENOGD.fid-761673fc_19a031f728b_-706c,6150949,POINT (16.360826634386257 48.189705750879995),Trinkbrunnen mit Tränke,5,
TRINKBRUNNENOGD.fid-761673fc_19a031f728b_-706b,6150950,POINT (16.361549594225554 48.18999096168605),Trinkbrunnen mit Tränke,5,
TRINKBRUNNENOGD.fid-761673fc_19a031f728b_-706a,6150951,POINT (16.349932467610863 48.18595758121219),Trinkbrunnen mit Tränke,5,
TRINKBRUNNENOGD.fid-761673fc_19a031f728b_-7069,6150952,POINT (16.344559443180703 48.187952638749074),Trinkbrunnen mit Tränke,5,
TRINKBRUNNENOGD.fid-761673fc_19a031f728b_-7068,6150953,POINT (16.355335588959594 48.18785853159507),Trinkbrunnen mit Tränke,5,
TRINKBRUNNENOGD.fid-761673fc_19a031f728b_-7067,6150954,POINT (16.324059882984002 48.16075593242386),Trinkbrunnen,4,
TRINKBRUNNENOGD.fid-761673fc_19a031f728b_-7066,6150955,POINT (16.323577021552428 48.16030315372646),Trinkbrunnen mit Tränke,5,
TRINKBRUNNENOGD.fid-761673fc_19a031f728b_-7065,6150956,POINT (16.333082488798585 48.18150789411179),Trinkbrunnen mit Tränke,5,
TRINKBRUNNENOGD.fid-761673fc_19a031f728b_-7064,6150957,POINT (16.33466848379872 48.17890373861468),Trinkbrunnen mit Tränke,5,
TRINKBRUNNENOGD.fid-761673fc_19a031f728b_-7063,6150958,POINT (16.337075910988958 48.18667120736294),Trinkbrunnen mit Tränke,5,
TRINKBRUNNENOGD.fid-761673fc_19a031f728b_-7062,6150959,POINT (16.32075700552665 48.17092053209576),Trinkbrunnen mit Tränke,5,
TRINKBRUNNENOGD.fid-761673fc_19a031f728b_-7061,6150960,POINT (16.306118709206558 48.164929461467324),Trinkbrunnen mit Tränke,5,
TRINKBRUNNENOGD.fid-761673fc_19a031f728b_-7060,6150961,POINT (16.291660892925634 48.15308668885362),Trinkbrunnen mit Tränke,5,
TRINKBRUNNENOGD.fid-761673fc_19a031f728b_-705f,6150962,POINT (16.450035880856532 48.27042419716944),Trinkbrunnen mit Tränke,5,
TRINKBRUNNENOGD.fid-761673fc_19a031f728b_-705e,6150963,POINT (16.421666829748116 48.28014563813615),Trinkbrunnen mit Tränke,5,
TRINKBRUNNENOGD.fid-761673fc_19a031f728b_-705d,6150964,POINT (16.415173738361712 48.291439979604235),Trinkbrunnen mit Tränke,5,
TRINKBRUNNENOGD.fid-761673fc_19a031f728b_-705c,6150965,POINT (16.443764651466104 48.27464270452212),Grundwasserbrunnen,1,
TRINKBRUNNENOGD.fid-761673fc_19a031f728b_-705b,6150966,POINT (16.4753181452232 48.214164723520106),Trinkbrunnen mit Tränke,5,
TRINKBRUNNENOGD.fid-761673fc_19a031f728b_-705a,6150967,POINT (16.482127668387175 48.21736311858766),Spielbrunnen,3,
TRINKBRUNNENOGD.fid-761673fc_19a031f728b_-7059,6150968,POINT (16.484541667749063 48.22126932386032),Trinkbrunnen mit Tränke,5,
TRINKBRUNNENOGD.fid-761673fc_19a031f728b_-7058,6150969,POINT (16.300810887067012 48.16725012115347),Trinkbrunnen,4,
TRINKBRUNNENOGD.fid-761673fc_19a031f728b_-7057,6150970,POINT (16.33915625506665 48.18128178892665),Trinkbrunnen mit Tränke,5,
TRINKBRUNNENOGD.fid-761673fc_19a031f728b_-7056,6150971,POINT (16.339567888905087 48.181480548241176),Trinkbrunnen mit Tränke,5,
TRINKBRUNNENOGD.fid-761673fc_19a031f728b_-7055,6150972,POINT (16.338653794227895 48.17872135845054),Trinkbrunnen mit Tränke,5,
TRINKBRUNNENOGD.fid-761673fc_19a031f728b_-7054,6150973,POINT (16.319385335917463 48.15877312046359),Trinkbrunnen,4,
TRINKBRUNNENOGD.fid-761673fc_19a031f728b_-7053,6150974,POINT (16.331228638382647 48.17361205980892),Zierbrunnen,6,
TRINKBRUNNENOGD.fid-761673fc_19a031f728b_-7052,6150975,POINT (16.35651914137458 48.19411426334656),Trinkbrunnen,4,
TRINKBRUNNENOGD.fid-761673fc_19a031f728b_-7051,6150976,POINT (16.47699474926703 48.218838157622635),Trinkbrunnen mit Tränke,5,
TRINKBRUNNENOGD.fid-761673fc_19a031f728b_-7050,6150977,POINT (16.341396154674396 48.25340362801153),Trinkbrunnen mit Tränke,5,
TRINKBRUNNENOGD.fid-761673fc_19a031f728b_-704f,6150978,POINT (16.275924984809755 48.17374188117622),Trinkbrunnen,4,
TRINKBRUNNENOGD.fid-761673fc_19a031f728b_-704e,6150979,POINT (16.272753219975655 48.164507913676005),Trinkbrunnen,4,
TRINKBRUNNENOGD.fid-761673fc_19a031f728b_-704d,6150980,POINT (16.342093319044807 48.19346677161469),Trinkbrunnen mit Tränke,5,
TRINKBRUNNENOGD.fid-761673fc_19a031f728b_-704c,6150981,POINT (16.342068881604785 48.19343975357956),Zierbrunnen,6,
TRINKBRUNNENOGD.fid-761673fc_19a031f728b_-704b,6150982,POINT (16.34239650498339 48.19411096124696),Trinkbrunnen mit Tränke,5,
TRINKBRUNNENOGD.fid-761673fc_19a031f728b_-704a,6150983,POINT (16.343697310013674 48.19369647709453),Trinkbrunnen mit Tränke,5,
TRINKBRUNNENOGD.fid-761673fc_19a031f728b_-7049,6150984,POINT (16.343926969932546 48.193827504989024),Trinkbrunnen,4,
TRINKBRUNNENOGD.fid-761673fc_19a031f728b_-7048,6150985,POINT (16.3613378788575 48.198750199097816),Trinkbrunnen mit Tränke,5,
TRINKBRUNNENOGD.fid-761673fc_19a031f728b_-7047,6150986,POINT (16.361207220624436 48.198718471658616),Spielbrunnen,3,
TRINKBRUNNENOGD.fid-761673fc_19a031f728b_-7046,6150987,POINT (16.361859013270433 48.19817271615435),Trinkbrunnen mit Tränke,5,
TRINKBRUNNENOGD.fid-761673fc_19a031f728b_-7045,6150988,POINT (16.339399428329564 48.189536829346075),Trinkbrunnen,4,
TRINKBRUNNENOGD.fid-761673fc_19a031f728b_-7044,6150989,POINT (16.339193894615068 48.189597936937226),Spielbrunnen,3,
TRINKBRUNNENOGD.fid-761673fc_19a031f728b_-7043,6150990,POINT (16.351848656370684 48.19788035622353),Trinkbrunnen mit Tränke,5,
TRINKBRUNNENOGD.fid-761673fc_19a031f728b_-7042,6150991,POINT (16.353304148490142 48.19785974417748),Trinkbrunnen mit Tränke,5,
TRINKBRUNNENOGD.fid-761673fc_19a031f728b_-7041,6150992,POINT (16.35236544880761 48.19790931457833),Zierbrunnen,6,
TRINKBRUNNENOGD.fid-761673fc_19a031f728b_-7040,6150993,POINT (16.352421232227915 48.19726132150504),Trinkbrunnen mit Tränke,5,
TRINKBRUNNENOGD.fid-761673fc_19a031f728b_-703f,6150994,POINT (16.352635253214636 48.19758730661061),Trinkbrunnen mit Tränke,5,
TRINKBRUNNENOGD.fid-761673fc_19a031f728b_-703e,6150995,POINT (16.352601206642284 48.19740128998744),Spielbrunnen,3,
TRINKBRUNNENOGD.fid-761673fc_19a031f728b_-703d,6150996,POINT (16.38958416869136 48.256378467944565),Spielbrunnen,3,
TRINKBRUNNENOGD.fid-761673fc_19a031f728b_-703c,6150997,POINT (16.271670990984006 48.19034646440581),Trinkbrunnen,4,
TRINKBRUNNENOGD.fid-761673fc_19a031f728b_-703b,6150998,POINT (16.28214046073112 48.16842783362085),Trinkbrunnen,4,
TRINKBRUNNENOGD.fid-761673fc_19a031f728b_-703a,6150999,POINT (16.4236019097188 48.25906399316269),Trinkbrunnen,4,
TRINKBRUNNENOGD.fid-761673fc_19a031f728b_-7039,6151000,POINT (16.36536806281144 48.191663163149656),Trinkbrunnen mit Tränke,5,
TRINKBRUNNENOGD.fid-761673fc_19a031f728b_-7038,6151001,POINT (16.363251225909778 48.18969756023314),Trinkbrunnen,4,
TRINKBRUNNENOGD.fid-761673fc_19a031f728b_-7037,6151002,POINT (16.363290227130403 48.19642772594412),Trinkbrunnen mit Tränke,5,
TRINKBRUNNENOGD.fid-761673fc_19a031f728b_-7036,6151003,POINT (16.368913009337035 48.19366923293742),Trinkbrunnen mit Tränke,5,
TRINKBRUNNENOGD.fid-761673fc_19a031f728b_-7035,6151004,POINT (16.359244662048322 48.17221054144865),Trinkbrunnen mit Tränke,5,
TRINKBRUNNENOGD.fid-761673fc_19a031f728b_-7034,6151005,POINT (16.361173231880787 48.174594509146864),Trinkbrunnen mit Tränke,5,
TRINKBRUNNENOGD.fid-761673fc_19a031f728b_-7033,6151006,POINT (16.310974550589293 48.187872833037666),Trinkbrunnen mit Tränke,5,
TRINKBRUNNENOGD.fid-761673fc_19a031f728b_-7032,6151007,POINT (16.315250843844577 48.19127729428304),Trinkbrunnen mit Tränke,5,
TRINKBRUNNENOGD.fid-761673fc_19a031f728b_-7031,6151008,POINT (16.302279996608934 48.19242515134204),Trinkbrunnen mit Tränke,5,
TRINKBRUNNENOGD.fid-761673fc_19a031f728b_-7030,6151009,POINT (16.32583127670235 48.18704202447003),Trinkbrunnen mit Tränke,5,
TRINKBRUNNENOGD.fid-761673fc_19a031f728b_-702f,6151010,POINT (16.333633768743365 48.18647874642637),Trinkbrunnen mit Tränke,5,
TRINKBRUNNENOGD.fid-761673fc_19a031f728b_-702e,6151011,POINT (16.33764753232522 48.19352544689887),Trinkbrunnen,4,
TRINKBRUNNENOGD.fid-761673fc_19a031f728b_-702d,6151012,POINT (16.335166464099192 48.187734428210454),Trinkbrunnen mit Tränke,5,
TRINKBRUNNENOGD.fid-761673fc_19a031f728b_-702c,6151013,POINT (16.332231396097058 48.1902042471329),Trinkbrunnen mit Tränke,5,
TRINKBRUNNENOGD.fid-761673fc_19a031f728b_-702b,6151014,POINT (16.317860515464663 48.18889519601555),Spielbrunnen,3,
TRINKBRUNNENOGD.fid-761673fc_19a031f728b_-702a,6151015,POINT (16.41717878029208 48.18047746990657),Trinkbrunnen mit Tränke,5,
TRINKBRUNNENOGD.fid-761673fc_19a031f728b_-7029,6151016,POINT (16.378311696471275 48.17928124549254),Trinkbrunnen mit Tränke,5,
TRINKBRUNNENOGD.fid-761673fc_19a031f728b_-7028,6151017,POINT (16.370403232769632 48.19908048688019),Trinkbrunnen mit Tränke,5,
TRINKBRUNNENOGD.fid-761673fc_19a031f728b_-7027,6151018,POINT (16.518515160244498 48.20869010024381),Trinkbrunnen mit Tränke,5,
TRINKBRUNNENOGD.fid-761673fc_19a031f728b_-7026,6151019,POINT (16.51831016495259 48.208867982967504),Spielbrunnen,3,
TRINKBRUNNENOGD.fid-761673fc_19a031f728b_-7025,6151020,POINT (16.36285527490222 48.184646773157596),Trinkbrunnen mit Tränke,5,
TRINKBRUNNENOGD.fid-761673fc_19a031f728b_-7024,6151021,POINT (16.407349239894664 48.246755732163656),Trinkbrunnen,4,
TRINKBRUNNENOGD.fid-761673fc_19a031f728b_-7023,6151022,POINT (16.416750058685565 48.16794259254926),Trinkbrunnen mit Tränke,5,
TRINKBRUNNENOGD.fid-761673fc_19a031f728b_-7022,6151023,POINT (16.335561666558508 48.202154049273936),Trinkbrunnen,4,
TRINKBRUNNENOGD.fid-761673fc_19a031f728b_-7021,6151024,POINT (16.280062198249155 48.13942946429782),Trinkbrunnen,4,
TRINKBRUNNENOGD.fid-761673fc_19a031f728b_-7020,6151025,POINT (16.438438204826138 48.247153528730735),Trinkbrunnen,4,
TRINKBRUNNENOGD.fid-761673fc_19a031f728b_-701f,6151026,POINT (16.474284639901295 48.238116232977546),Sprühnebeldusche,11,
TRINKBRUNNENOGD.fid-761673fc_19a031f728b_-701e,6151027,POINT (16.43835765864892 48.24752142689637),Trinkbrunnen mit Tränke,5,
TRINKBRUNNENOGD.fid-761673fc_19a031f728b_-701d,6151028,POINT (16.45590006674004 48.257366705633565),Trinkbrunnen mit Tränke,5,
TRINKBRUNNENOGD.fid-761673fc_19a031f728b_-701c,6151029,POINT (16.399359727495316 48.261544274463425),Trinkbrunnen,4,
TRINKBRUNNENOGD.fid-761673fc_19a031f728b_-701b,6151030,POINT (16.449655858153907 48.2379329925956),Trinkbrunnen,4,
TRINKBRUNNENOGD.fid-761673fc_19a031f728b_-701a,6151031,POINT (16.31836166469633 48.18891932522654),Trinkbrunnen mit Tränke,5,
TRINKBRUNNENOGD.fid-761673fc_19a031f728b_-7019,6151032,POINT (16.47583584080025 48.15943396064536),Trinkbrunnen,4,
TRINKBRUNNENOGD.fid-761673fc_19a031f728b_-7018,6151033,POINT (16.335690779736346 48.201906643395425),Trinkbrunnen,4,
TRINKBRUNNENOGD.fid-761673fc_19a031f728b_-7017,6151034,POINT (16.415682291490537 48.239377558246986),Zierbrunnen,6,
TRINKBRUNNENOGD.fid-761673fc_19a031f728b_-7016,6151035,POINT (16.416050367282566 48.2413714962116),Trinkbrunnen,4,
TRINKBRUNNENOGD.fid-761673fc_19a031f728b_-7015,6151036,POINT (16.314908791723756 48.1398569552097),Trinkbrunnen mit Tränke,5,
TRINKBRUNNENOGD.fid-761673fc_19a031f728b_-7014,6151037,POINT (16.31521119827232 48.14023935566872),Trinkbrunnen mit Tränke,5,
TRINKBRUNNENOGD.fid-761673fc_19a031f728b_-7013,6151038,POINT (16.39367197709698 48.27355942696764),Grundwasserbrunnen,1,
TRINKBRUNNENOGD.fid-761673fc_19a031f728b_-7012,6151039,POINT (16.46114726363108 48.234148396542324),Trinkbrunnen,4,
TRINKBRUNNENOGD.fid-761673fc_19a031f728b_-7011,6151040,POINT (16.415700899181164 48.237741793326165),Trinkbrunnen,4,
TRINKBRUNNENOGD.fid-761673fc_19a031f728b_-7010,6151041,POINT (16.524694254339384 48.21318315238624),Spielbrunnen,3,
TRINKBRUNNENOGD.fid-761673fc_19a031f728b_-700f,6151042,POINT (16.479982096826355 48.2416019499262),Trinkbrunnen mit Tränke,5,
TRINKBRUNNENOGD.fid-761673fc_19a031f728b_-700e,6151043,POINT (16.38991517248307 48.25636499475083),Trinkbrunnen,4,
TRINKBRUNNENOGD.fid-761673fc_19a031f728b_-700d,6151044,POINT (16.388464766961828 48.257167644711046),Trinkbrunnen,4,
TRINKBRUNNENOGD.fid-761673fc_19a031f728b_-700c,6151045,POINT (16.43210941211042 48.24711670779722),Trinkbrunnen mit Tränke,5,
TRINKBRUNNENOGD.fid-761673fc_19a031f728b_-700b,6151046,POINT (16.480640435824746 48.22025548045338),Trinkbrunnen mit Tränke,5,
TRINKBRUNNENOGD.fid-761673fc_19a031f728b_-700a,6151047,POINT (16.475540703780595 48.21247699320509),Trinkbrunnen mit Tränke,5,
TRINKBRUNNENOGD.fid-761673fc_19a031f728b_-7009,6151048,POINT (16.330686257779917 48.217267784780546),Trinkbrunnen,4,
TRINKBRUNNENOGD.fid-761673fc_19a031f728b_-7008,6151049,POINT (16.36211039963169 48.25662373511677),Trinkbrunnen mit Tränke,5,
TRINKBRUNNENOGD.fid-761673fc_19a031f728b_-7007,6151050,POINT (16.525277720853044 48.21796243478601),Trinkbrunnen mit Tränke,5,
TRINKBRUNNENOGD.fid-761673fc_19a031f728b_-7006,6151051,POINT (16.491217512530536 48.226022559052204),Trinkbrunnen mit Tränke,5,
TRINKBRUNNENOGD.fid-761673fc_19a031f728b_-7005,6151052,POINT (16.384532536741613 48.238254697985944),Grundwasserbrunnen,1,
TRINKBRUNNENOGD.fid-761673fc_19a031f728b_-7004,6151053,POINT (16.28827425241998 48.140496780309945),Trinkbrunnen mit Tränke,5,
TRINKBRUNNENOGD.fid-761673fc_19a031f728b_-7003,6151054,POINT (16.38724954418311 48.18683447126387),Spielbrunnen,3,
TRINKBRUNNENOGD.fid-761673fc_19a031f728b_-7002,6151055,POINT (16.38339611917301 48.18765706742817),Zierbrunnen,6,
TRINKBRUNNENOGD.fid-761673fc_19a031f728b_-7001,6151056,POINT (16.36764707662755 48.235580399460375),Trinkbrunnen mit Tränke,5,
TRINKBRUNNENOGD.fid-761673fc_19a031f728b_-7000,6151057,POINT (16.41632038053229 48.1675077674187),Trinkbrunnen mit Tränke,5,
TRINKBRUNNENOGD.fid-761673fc_19a031f728b_-6fff,6151058,POINT (16.40296885325775 48.183681105379954),Trinkbrunnen,4,
TRINKBRUNNENOGD.fid-761673fc_19a031f728b_-6ffe,6151059,POINT (16.382998366573897 48.27709552331167),Spielbrunnen,3,
TRINKBRUNNENOGD.fid-761673fc_19a031f728b_-6ffd,6151060,POINT (16.30182369327948 48.14928575882881),Spielbrunnen,3,
TRINKBRUNNENOGD.fid-761673fc_19a031f728b_-6ffc,6151061,POINT (16.302184829418046 48.149418405008625),Spielbrunnen,3,
TRINKBRUNNENOGD.fid-761673fc_19a031f728b_-6ffb,6151062,POINT (16.491041981821013 48.22553428620505),Spielbrunnen,3,
TRINKBRUNNENOGD.fid-761673fc_19a031f728b_-6ffa,6151063,POINT (16.3482370638048 48.2456749900103),Trinkbrunnen mit Tränke,5,
TRINKBRUNNENOGD.fid-761673fc_19a031f728b_-6ff9,6151064,POINT (16.367265431326697 48.22337960186441),Trinkbrunnen mit Tränke,5,
TRINKBRUNNENOGD.fid-761673fc_19a031f728b_-6ff8,6151065,POINT (16.333090590590913 48.181421982593974),Sprühnebeldusche,11,
TRINKBRUNNENOGD.fid-761673fc_19a031f728b_-6ff7,6151066,POINT (16.333112784727426 48.18141339821121),Sprühnebeldusche,11,
TRINKBRUNNENOGD.fid-761673fc_19a031f728b_-6ff6,6151067,POINT (16.333054965949298 48.18141730604873),Sprühnebeldusche,11,
TRINKBRUNNENOGD.fid-761673fc_19a031f728b_-6ff5,6151068,POINT (16.3473398982408 48.187285559744836),Bodenfontäne,12,
TRINKBRUNNENOGD.fid-761673fc_19a031f728b_-6ff4,6151069,POINT (16.313510695032225 48.2001188755686),Trinkbrunnen mit Tränke,5,
TRINKBRUNNENOGD.fid-761673fc_19a031f728b_-6ff3,6151070,POINT (16.35572760916183 48.181451602637566),Trinkbrunnen mit Tränke,5,
TRINKBRUNNENOGD.fid-761673fc_19a031f728b_-6ff2,6151071,POINT (16.395018505725954 48.252670889249465),Trinkbrunnen mit Tränke,5,
TRINKBRUNNENOGD.fid-761673fc_19a031f728b_-6ff1,6151072,POINT (16.443212542577236 48.26338345136859),Trinkbrunnen,4,
TRINKBRUNNENOGD.fid-761673fc_19a031f728b_-6ff0,6151073,POINT (16.27410225013671 48.19379832074852),Trinkbrunnen mit Tränke,5,
TRINKBRUNNENOGD.fid-761673fc_19a031f728b_-6fef,6151074,POINT (16.34514756073191 48.18466465314841),Trinkbrunnen mit Tränke,5,
TRINKBRUNNENOGD.fid-761673fc_19a031f728b_-6fee,6151075,POINT (16.350497526822533 48.18028163218586),Trinkbrunnen mit Tränke,5,
TRINKBRUNNENOGD.fid-761673fc_19a031f728b_-6fed,6151076,POINT (16.34511583072859 48.18477926839544),Sprühnebeldusche,11,
TRINKBRUNNENOGD.fid-761673fc_19a031f728b_-6fec,6151077,POINT (16.35095454947651 48.18294693052888),Trinkbrunnen mit Tränke,5,
TRINKBRUNNENOGD.fid-761673fc_19a031f728b_-6feb,6151078,POINT (16.343258523525048 48.18695579952309),Trinkbrunnen mit Tränke,5,
TRINKBRUNNENOGD.fid-761673fc_19a031f728b_-6fea,6151079,POINT (16.35451690809181 48.194536846268655),Zierbrunnen,6,
TRINKBRUNNENOGD.fid-761673fc_19a031f728b_-6fe9,6151080,POINT (16.441026825761192 48.24096063437545),Spielbrunnen,3,
TRINKBRUNNENOGD.fid-761673fc_19a031f728b_-6fe8,6151081,POINT (16.393060229631875 48.25139491000486),Trinkbrunnen mit Tränke,5,
TRINKBRUNNENOGD.fid-761673fc_19a031f728b_-6fe7,6151082,POINT (16.403257570556725 48.187961915666705),Zierbrunnen,6,
TRINKBRUNNENOGD.fid-761673fc_19a031f728b_-6fe6,6151083,POINT (16.339601217464644 48.257054566398836),Trinkbrunnen mit Tränke,5,
TRINKBRUNNENOGD.fid-761673fc_19a031f728b_-6fe5,6151084,POINT (16.33765273846677 48.258286759144674),Trinkbrunnen mit Tränke,5,
TRINKBRUNNENOGD.fid-761673fc_19a031f728b_-6fe4,6151085,POINT (16.4430997255293 48.258232035594375),Trinkbrunnen mit Tränke,5,
TRINKBRUNNENOGD.fid-761673fc_19a031f728b_-6fe3,6151086,POINT (16.29467177670388 48.14349957233542),Trinkbrunnen,4,
TRINKBRUNNENOGD.fid-761673fc_19a031f728b_-6fe2,6151087,POINT (16.443763993041852 48.25858633731059),Trinkbrunnen,4,
TRINKBRUNNENOGD.fid-761673fc_19a031f728b_-6fe1,6151088,POINT (16.44370784552606 48.25836125372606),Spielbrunnen,3,
TRINKBRUNNENOGD.fid-761673fc_19a031f728b_-6fe0,6151089,POINT (16.52610991588226 48.214520608671315),Trinkbrunnen mit Tränke,5,
TRINKBRUNNENOGD.fid-761673fc_19a031f728b_-6fdf,6151090,POINT (16.438744668036247 48.24718096357595),Bodenfontäne,12,
TRINKBRUNNENOGD.fid-761673fc_19a031f728b_-6fde,6151091,POINT (16.411496405085067 48.24153573605379),Zierbrunnen,6,
TRINKBRUNNENOGD.fid-761673fc_19a031f728b_-6fdd,6151092,POINT (16.369180883877803 48.221684266771916),Trinkbrunnen,4,
TRINKBRUNNENOGD.fid-761673fc_19a031f728b_-6fdc,6151093,POINT (16.366715657552927 48.253918630459694),Trinkbrunnen,4,
TRINKBRUNNENOGD.fid-761673fc_19a031f728b_-6fdb,6151094,POINT (16.283807280985858 48.1987834407796),Trinkbrunnen mit Tränke,5,
TRINKBRUNNENOGD.fid-761673fc_19a031f728b_-6fda,6151095,POINT (16.28275943010718 48.19883289312684),Trinkbrunnen,4,
TRINKBRUNNENOGD.fid-761673fc_19a031f728b_-6fd9,6151096,POINT (16.35329143110181 48.22090405809665),Zierbrunnen,6,
TRINKBRUNNENOGD.fid-761673fc_19a031f728b_-6fd8,6151097,POINT (16.44309056171011 48.1611429803775),Bodenfontäne,12,
TRINKBRUNNENOGD.fid-761673fc_19a031f728b_-6fd7,6151098,POINT (16.460515167548714 48.15377404912517),Bodenfontäne,12,
TRINKBRUNNENOGD.fid-761673fc_19a031f728b_-6fd6,6151099,POINT (16.40791303741782 48.19924043627056),Trinkbrunnen mit Tränke,5,
TRINKBRUNNENOGD.fid-761673fc_19a031f728b_-6fd5,6151100,POINT (16.473746648689662 48.23993703178708),Zierbrunnen,6,
TRINKBRUNNENOGD.fid-761673fc_19a031f728b_-6fd4,6151101,POINT (16.38475329414242 48.238314031732266),Trinkbrunnen mit Tränke,5,
TRINKBRUNNENOGD.fid-761673fc_19a031f728b_-6fd3,6151102,POINT (16.385758185394085 48.23789474985451),Trinkbrunnen,4,
TRINKBRUNNENOGD.fid-761673fc_19a031f728b_-6fd2,6151103,POINT (16.384256822390878 48.238902641392116),Trinkbrunnen mit Tränke,5,
TRINKBRUNNENOGD.fid-761673fc_19a031f728b_-6fd1,6151104,POINT (16.393666418277455 48.273579430442624),Grundwasserbrunnen,1,
TRINKBRUNNENOGD.fid-761673fc_19a031f728b_-6fd0,6151105,POINT (16.371611162931362 48.1990623165416),Zierbrunnen,6,
TRINKBRUNNENOGD.fid-761673fc_19a031f728b_-6fcf,6151106,POINT (16.326865576917047 48.15924460153959),Trinkbrunnen mit Tränke,5,
TRINKBRUNNENOGD.fid-761673fc_19a031f728b_-6fce,6151107,POINT (16.319291243100263 48.23708414741085),Trinkbrunnen,4,
TRINKBRUNNENOGD.fid-761673fc_19a031f728b_-6fcd,6151108,POINT (16.4044761228235 48.22381866594572),Grundwasserbrunnen,1,
TRINKBRUNNENOGD.fid-761673fc_19a031f728b_-6fcc,6151109,POINT (16.534785016182415 48.22926864854612),Trinkbrunnen mit Tränke,5,
TRINKBRUNNENOGD.fid-761673fc_19a031f728b_-6fcb,6151110,POINT (16.286073378703783 48.20792609593269),Trinkbrunnen mit Tränke,5,
TRINKBRUNNENOGD.fid-761673fc_19a031f728b_-6fca,6151111,POINT (16.307286060414555 48.201073221816344),Trinkbrunnen mit Tränke,5,
TRINKBRUNNENOGD.fid-761673fc_19a031f728b_-6fc9,6151112,POINT (16.41924833636568 48.23901867681301),Trinkbrunnen mit Tränke,5,
TRINKBRUNNENOGD.fid-761673fc_19a031f728b_-6fc8,6151113,POINT (16.274394037982727 48.197377913480054),Sprühnebeldusche,11,
TRINKBRUNNENOGD.fid-761673fc_19a031f728b_-6fc7,6151114,POINT (16.30811702289365 48.22216962073079),Bodenfontäne,12,
TRINKBRUNNENOGD.fid-761673fc_19a031f728b_-6fc6,6151115,POINT (16.331369401600988 48.23467265093053),Trinkbrunnen mit Tränke,5,
TRINKBRUNNENOGD.fid-761673fc_19a031f728b_-6fc5,6151116,POINT (16.323995118926035 48.22457572943387),Trinkbrunnen mit Tränke,5,
TRINKBRUNNENOGD.fid-761673fc_19a031f728b_-6fc4,6151117,POINT (16.289369047761618 48.17992159263841),Spielbrunnen,3,
TRINKBRUNNENOGD.fid-761673fc_19a031f728b_-6fc3,6151118,POINT (16.289444094049493 48.18008774762886),Trinkbrunnen,4,
TRINKBRUNNENOGD.fid-761673fc_19a031f728b_-6fc2,6151119,POINT (16.358144281887068 48.25260712886769),Trinkbrunnen mit Tränke,5,
TRINKBRUNNENOGD.fid-761673fc_19a031f728b_-6fc1,6151120,POINT (16.35752996093017 48.252010824479726),Trinkbrunnen mit Tränke,5,
TRINKBRUNNENOGD.fid-761673fc_19a031f728b_-6fc0,6151121,POINT (16.356947874903838 48.25382233155894),Trinkbrunnen mit Tränke,5,
TRINKBRUNNENOGD.fid-761673fc_19a031f728b_-6fbf,6151122,POINT (16.462224719507716 48.15716130708847),Trinkbrunnen mit Tränke,5,
TRINKBRUNNENOGD.fid-761673fc_19a031f728b_-6fbe,6151123,POINT (16.336477753538144 48.23468517125071),Trinkbrunnen,4,
TRINKBRUNNENOGD.fid-761673fc_19a031f728b_-6fbd,6151124,POINT (16.462435839884122 48.15635240112088),Spielbrunnen,3,
TRINKBRUNNENOGD.fid-761673fc_19a031f728b_-6fbc,6151125,POINT (16.46271322435117 48.157245153431454),Trinkbrunnen mit Tränke,5,
TRINKBRUNNENOGD.fid-761673fc_19a031f728b_-6fbb,6151126,POINT (16.30345658302558 48.19617261424155),Trinkbrunnen mit Tränke,5,
TRINKBRUNNENOGD.fid-761673fc_19a031f728b_-6fba,6151127,POINT (16.475525106040415 48.23872095676788),Zierbrunnen,6,
TRINKBRUNNENOGD.fid-761673fc_19a031f728b_-6fb9,6151128,POINT (16.473720714984438 48.23990726484467),Trinkbrunnen,4,
TRINKBRUNNENOGD.fid-761673fc_19a031f728b_-6fb8,6151129,POINT (16.47379565429668 48.23993846958879),Trinkbrunnen,4,
TRINKBRUNNENOGD.fid-761673fc_19a031f728b_-6fb7,6151130,POINT (16.473719197466014 48.239967913018766),Trinkbrunnen,4,
TRINKBRUNNENOGD.fid-761673fc_19a031f728b_-6fb6,6151131,POINT (16.38178993260639 48.203715044582765),Spielbrunnen,3,
TRINKBRUNNENOGD.fid-761673fc_19a031f728b_-6fb5,6151132,POINT (16.37989778640972 48.20204709231625),Zierbrunnen,6,
TRINKBRUNNENOGD.fid-761673fc_19a031f728b_-6fb4,6151133,POINT (16.40526740521835 48.2384120951991),Trinkbrunnen,4,
TRINKBRUNNENOGD.fid-761673fc_19a031f728b_-6fb3,6151134,POINT (16.417192631082372 48.23806550384342),Spielbrunnen,3,
TRINKBRUNNENOGD.fid-761673fc_19a031f728b_-6fb2,6151135,POINT (16.33428882111394 48.23616869312767),Trinkbrunnen,4,
TRINKBRUNNENOGD.fid-761673fc_19a031f728b_-6fb1,6151136,POINT (16.350353636266785 48.21268329147095),Spielbrunnen,3,
TRINKBRUNNENOGD.fid-761673fc_19a031f728b_-6fb0,6151137,POINT (16.35964123406398 48.21585615938076),Trinkbrunnen mit Tränke,5,
TRINKBRUNNENOGD.fid-761673fc_19a031f728b_-6faf,6151138,POINT (16.333808831691773 48.1867038602377),Spielbrunnen,3,
TRINKBRUNNENOGD.fid-761673fc_19a031f728b_-6fae,6151139,POINT (16.38784545340543 48.157837596012385),Trinkbrunnen mit Tränke,5,
TRINKBRUNNENOGD.fid-761673fc_19a031f728b_-6fad,6151140,POINT (16.334081847036025 48.236794840375254),Trinkbrunnen,4,
TRINKBRUNNENOGD.fid-761673fc_19a031f728b_-6fac,6151141,POINT (16.47359648137322 48.23965324658954),Zierbrunnen,6,
TRINKBRUNNENOGD.fid-761673fc_19a031f728b_-6fab,6151142,POINT (16.321142968644082 48.190311568940864),Trinkbrunnen mit Tränke,5,
TRINKBRUNNENOGD.fid-761673fc_19a031f728b_-6faa,6151143,POINT (16.349803960547042 48.232475079729454),Hundetrinkbrunnen,2,
TRINKBRUNNENOGD.fid-761673fc_19a031f728b_-6fa9,6151144,POINT (16.35123291109242 48.18073439372352),Zierbrunnen,6,
TRINKBRUNNENOGD.fid-761673fc_19a031f728b_-6fa8,6151145,POINT (16.36280903597749 48.18784531399319),Trinkbrunnen mit Tränke,5,
TRINKBRUNNENOGD.fid-761673fc_19a031f728b_-6fa7,6151146,POINT (16.360135358516114 48.186577015595006),Trinkbrunnen mit Tränke,5,
TRINKBRUNNENOGD.fid-761673fc_19a031f728b_-6fa6,6151147,POINT (16.38006943486548 48.1765150017103),Trinkbrunnen mit Tränke,5,
TRINKBRUNNENOGD.fid-761673fc_19a031f728b_-6fa5,6151148,POINT (16.347328086619573 48.18236650759887),Trinkbrunnen mit Tränke,5,
TRINKBRUNNENOGD.fid-761673fc_19a031f728b_-6fa4,6151149,POINT (16.379473333778595 48.176631531661926),Trinkbrunnen mit Tränke,5,
TRINKBRUNNENOGD.fid-761673fc_19a031f728b_-6fa3,6151150,POINT (16.34891955530313 48.18070014108569),Trinkbrunnen mit Tränke,5,
TRINKBRUNNENOGD.fid-761673fc_19a031f728b_-6fa2,6151151,POINT (16.307553782033253 48.20128480318187),Trinkbrunnen mit Tränke,5,
TRINKBRUNNENOGD.fid-761673fc_19a031f728b_-6fa1,6151152,POINT (16.348075119363248 48.18124207329328),Trinkbrunnen mit Tränke,5,
TRINKBRUNNENOGD.fid-761673fc_19a031f728b_-6fa0,6151153,POINT (16.31291271613842 48.12862916676496),Spielbrunnen,3,
TRINKBRUNNENOGD.fid-761673fc_19a031f728b_-6f9f,6151154,POINT (16.472392406779946 48.24602851291568),Trinkbrunnen mit Tränke,5,
TRINKBRUNNENOGD.fid-761673fc_19a031f728b_-6f9e,6151155,POINT (16.3025858153054 48.196218029318395),Trinkbrunnen mit Tränke,5,
TRINKBRUNNENOGD.fid-761673fc_19a031f728b_-6f9d,6151156,POINT (16.352410056292786 48.19416019147701),Trinkbrunnen mit Tränke,5,
TRINKBRUNNENOGD.fid-761673fc_19a031f728b_-6f9c,6151157,POINT (16.26112110345489 48.195545990790734),Trinkbrunnen mit Tränke,5,
TRINKBRUNNENOGD.fid-761673fc_19a031f728b_-6f9b,6151158,POINT (16.360675920057616 48.25386513021483),Trinkbrunnen mit Tränke,5,
TRINKBRUNNENOGD.fid-761673fc_19a031f728b_-6f9a,6151159,POINT (16.405319868872937 48.240779846896615),Trinkbrunnen mit Tränke,5,
TRINKBRUNNENOGD.fid-761673fc_19a031f728b_-6f99,6151160,POINT (16.32654624654488 48.16492320192212),Trinkbrunnen mit Tränke,5,
TRINKBRUNNENOGD.fid-761673fc_19a031f728b_-6f98,6151161,POINT (16.388639977807134 48.17695169179115),Trinkbrunnen mit Tränke,5,
TRINKBRUNNENOGD.fid-761673fc_19a031f728b_-6f97,6151162,POINT (16.38631311735675 48.178205203753464),Trinkbrunnen mit Tränke,5,
TRINKBRUNNENOGD.fid-761673fc_19a031f728b_-6f96,6151163,POINT (16.319537012939612 48.21286561761821),Trinkbrunnen,4,
TRINKBRUNNENOGD.fid-761673fc_19a031f728b_-6f95,6151164,POINT (16.28543337597964 48.19508656889409),Trinkbrunnen mit Tränke,5,
TRINKBRUNNENOGD.fid-761673fc_19a031f728b_-6f94,6151165,POINT (16.431823818226974 48.28819102044008),Trinkbrunnen mit Tränke,5,
TRINKBRUNNENOGD.fid-761673fc_19a031f728b_-6f93,6151166,POINT (16.33758467430316 48.23458248745981),Trinkbrunnen mit Tränke,5,
TRINKBRUNNENOGD.fid-761673fc_19a031f728b_-6f92,6151167,POINT (16.324788353121544 48.225539344779385),Trinkbrunnen mit Tränke,5,
TRINKBRUNNENOGD.fid-761673fc_19a031f728b_-6f91,6151168,POINT (16.46077389003139 48.23140351758494),Trinkbrunnen mit Tränke,5,
TRINKBRUNNENOGD.fid-761673fc_19a031f728b_-6f90,6151169,POINT (16.348531512724875 48.19477456378283),Trinkbrunnen mit Tränke,5,
TRINKBRUNNENOGD.fid-761673fc_19a031f728b_-6f8f,6151170,POINT (16.410491441436648 48.236837503916625),Trinkbrunnen,4,
TRINKBRUNNENOGD.fid-761673fc_19a031f728b_-6f8e,6151171,POINT (16.333716688504055 48.23423951734752),Trinkbrunnen,4,
TRINKBRUNNENOGD.fid-761673fc_19a031f728b_-6f8d,6151172,POINT (16.336374804841615 48.23579017312988),Zierbrunnen,6,
TRINKBRUNNENOGD.fid-761673fc_19a031f728b_-6f8c,6151173,POINT (16.44509833428298 48.269708293592345),Trinkbrunnen mit Tränke,5,
TRINKBRUNNENOGD.fid-761673fc_19a031f728b_-6f8b,6151174,POINT (16.443760533433707 48.28603230171621),Trinkbrunnen,4,
TRINKBRUNNENOGD.fid-761673fc_19a031f728b_-6f8a,6151175,POINT (16.392262140470383 48.25917126050402),Trinkbrunnen,4,
TRINKBRUNNENOGD.fid-761673fc_19a031f728b_-6f89,6151176,POINT (16.33941230230616 48.17821724873129),Trinkbrunnen mit Tränke,5,
TRINKBRUNNENOGD.fid-761673fc_19a031f728b_-6f88,6151177,POINT (16.38689048583509 48.15272641332461),Trinkbrunnen mit Tränke,5,
TRINKBRUNNENOGD.fid-761673fc_19a031f728b_-6f87,6151178,POINT (16.32995357172697 48.234249627197),Trinkbrunnen mit Tränke,5,
TRINKBRUNNENOGD.fid-761673fc_19a031f728b_-6f86,6151179,POINT (16.45581833730879 48.257454308415284),Spielbrunnen,3,
TRINKBRUNNENOGD.fid-761673fc_19a031f728b_-6f85,6151180,POINT (16.474217580308014 48.24066497078112),Trinkbrunnen,4,
TRINKBRUNNENOGD.fid-761673fc_19a031f728b_-6f84,6151181,POINT (16.396835103402736 48.2049348214046),Trinkbrunnen mit Tränke,5,
TRINKBRUNNENOGD.fid-761673fc_19a031f728b_-6f83,6151182,POINT (16.336903903350898 48.23425837269645),Spielbrunnen,3,
TRINKBRUNNENOGD.fid-761673fc_19a031f728b_-6f82,6151183,POINT (16.32746887168403 48.16487475098653),Trinkbrunnen mit Tränke,5,
TRINKBRUNNENOGD.fid-761673fc_19a031f728b_-6f81,6151184,POINT (16.296508707025946 48.142272181156265),Trinkbrunnen mit Tränke,5,
TRINKBRUNNENOGD.fid-761673fc_19a031f728b_-6f80,6151185,POINT (16.35163857896357 48.15336912097103),Trinkbrunnen mit Tränke,5,
TRINKBRUNNENOGD.fid-761673fc_19a031f728b_-6f7f,6151186,POINT (16.334961476721894 48.21356499276853),Trinkbrunnen mit Tränke,5,
TRINKBRUNNENOGD.fid-761673fc_19a031f728b_-6f7e,6151187,POINT (16.34066331308873 48.20765553359358),Spielbrunnen,3,
TRINKBRUNNENOGD.fid-761673fc_19a031f728b_-6f7d,6151188,POINT (16.41522968930706 48.29133533171319),Spielbrunnen,3,
TRINKBRUNNENOGD.fid-761673fc_19a031f728b_-6f7c,6151189,POINT (16.319288697388753 48.19665953556905),Trinkbrunnen mit Tränke,5,
TRINKBRUNNENOGD.fid-761673fc_19a031f728b_-6f7b,6151190,POINT (16.319083311667356 48.196461248454995),Trinkbrunnen mit Tränke,5,
TRINKBRUNNENOGD.fid-761673fc_19a031f728b_-6f7a,6151191,POINT (16.436840637756283 48.1883334459977),Grundwasserbrunnen,1,
TRINKBRUNNENOGD.fid-761673fc_19a031f728b_-6f79,6151192,POINT (16.410584528144767 48.23675682975082),Trinkbrunnen mit Tränke,5,
TRINKBRUNNENOGD.fid-761673fc_19a031f728b_-6f78,6151193,POINT (16.397091007557396 48.22528460403473),Grundwasserbrunnen,1,
TRINKBRUNNENOGD.fid-761673fc_19a031f728b_-6f77,6151194,POINT (16.32780364816294 48.18224828816399),Trinkbrunnen mit Tränke,5,
TRINKBRUNNENOGD.fid-761673fc_19a031f728b_-6f76,6151195,POINT (16.327378483715975 48.18231000430085),Trinkbrunnen mit Tränke,5,
TRINKBRUNNENOGD.fid-761673fc_19a031f728b_-6f75,6151196,POINT (16.382356888130573 48.169501258217366),Trinkbrunnen mit Tränke,5,
TRINKBRUNNENOGD.fid-761673fc_19a031f728b_-6f74,6151197,POINT (16.368309343006004 48.17083992196545),Trinkbrunnen,4,
TRINKBRUNNENOGD.fid-761673fc_19a031f728b_-6f73,6151198,POINT (16.289864515359163 48.18025836965245),Trinkbrunnen mit Tränke,5,
TRINKBRUNNENOGD.fid-761673fc_19a031f728b_-6f72,6151199,POINT (16.33179765912035 48.236170737842066),Zierbrunnen,6,
TRINKBRUNNENOGD.fid-761673fc_19a031f728b_-6f71,6151200,POINT (16.411141586563687 48.173512960105406),Spielbrunnen,3,
TRINKBRUNNENOGD.fid-761673fc_19a031f728b_-6f70,6151201,POINT (16.419407837679575 48.23907266972369),Grundwasserbrunnen,1,
TRINKBRUNNENOGD.fid-761673fc_19a031f728b_-6f6f,6151202,POINT (16.36798420773799 48.22055575292104),Trinkbrunnen mit Tränke,5,
TRINKBRUNNENOGD.fid-761673fc_19a031f728b_-6f6e,6151203,POINT (16.288939764575193 48.13734194466485),Trinkbrunnen mit Tränke,5,
TRINKBRUNNENOGD.fid-761673fc_19a031f728b_-6f6d,6151204,POINT (16.525989498825894 48.2135412044895),Trinkbrunnen mit Tränke,5,
TRINKBRUNNENOGD.fid-761673fc_19a031f728b_-6f6c,6151205,POINT (16.40382924973627 48.19598764232707),Trinkbrunnen mit Tränke,5,
TRINKBRUNNENOGD.fid-761673fc_19a031f728b_-6f6b,6151206,POINT (16.400315244321174 48.22054863156062),Bodenfontäne,12,
TRINKBRUNNENOGD.fid-761673fc_19a031f728b_-6f6a,6151207,POINT (16.45748063520213 48.251826220244645),Trinkbrunnen mit Tränke,5,
TRINKBRUNNENOGD.fid-761673fc_19a031f728b_-6f69,6151208,POINT (16.332391564523657 48.17644069896471),Trinkbrunnen mit Tränke,5,
TRINKBRUNNENOGD.fid-761673fc_19a031f728b_-6f68,6151209,POINT (16.38582192364947 48.22506660420049),Trinkbrunnen,4,
TRINKBRUNNENOGD.fid-761673fc_19a031f728b_-6f67,6151210,POINT (16.378876082352487 48.17366546480634),Trinkbrunnen mit Tränke,5,
TRINKBRUNNENOGD.fid-761673fc_19a031f728b_-6f66,6151211,POINT (16.338334591227603 48.20193457949472),Sprühnebeldusche,11,
TRINKBRUNNENOGD.fid-761673fc_19a031f728b_-6f65,6151212,POINT (16.338312863870375 48.201940485762975),Sprühnebeldusche,11,
TRINKBRUNNENOGD.fid-761673fc_19a031f728b_-6f64,6151213,POINT (16.338293134151552 48.20194408612546),Sprühnebeldusche,11,
TRINKBRUNNENOGD.fid-761673fc_19a031f728b_-6f63,6151214,POINT (16.407261062092665 48.25526997725367),Sprühnebeldusche,11,
TRINKBRUNNENOGD.fid-761673fc_19a031f728b_-6f62,6151215,POINT (16.381700910108105 48.2450909151564),Trinkbrunnen mit Tränke,5,
TRINKBRUNNENOGD.fid-761673fc_19a031f728b_-6f61,6151216,POINT (16.30472729981054 48.21391633462106),Bodenfontäne,12,
TRINKBRUNNENOGD.fid-761673fc_19a031f728b_-6f60,6151217,POINT (16.30600383874995 48.19842939131219),Sprühnebeldusche,11,
TRINKBRUNNENOGD.fid-761673fc_19a031f728b_-6f5f,6151218,POINT (16.30598433956378 48.1984328611867),Sprühnebeldusche,11,
TRINKBRUNNENOGD.fid-761673fc_19a031f728b_-6f5e,6151219,POINT (16.306023499356524 48.19842592057735),Sprühnebeldusche,11,
TRINKBRUNNENOGD.fid-761673fc_19a031f728b_-6f5d,6151220,POINT (16.305908640610884 48.19789974026758),Zierbrunnen,6,
TRINKBRUNNENOGD.fid-761673fc_19a031f728b_-6f5c,6151221,POINT (16.306160876939536 48.1979802975664),Spielbrunnen,3,
TRINKBRUNNENOGD.fid-761673fc_19a031f728b_-6f5b,6151222,POINT (16.41014589104186 48.23202716192323),Sprühnebeldusche,11,
TRINKBRUNNENOGD.fid-761673fc_19a031f728b_-6f5a,6151223,POINT (16.40936131124481 48.23196694322639),Sprühnebeldusche,11,
TRINKBRUNNENOGD.fid-761673fc_19a031f728b_-6f59,6151224,POINT (16.380422028192864 48.20639001014764),Sprühnebeldusche,11,
TRINKBRUNNENOGD.fid-761673fc_19a031f728b_-6f58,6151225,POINT (16.382733874398944 48.186526922724134),Sprühnebeldusche,11,
TRINKBRUNNENOGD.fid-761673fc_19a031f728b_-6f57,6151226,POINT (16.39037983245928 48.197986184946764),Sprühnebeldusche,11,
TRINKBRUNNENOGD.fid-761673fc_19a031f728b_-6f56,6151227,POINT (16.343513748414505 48.1880907246832),Sprühnebeldusche,11,
TRINKBRUNNENOGD.fid-761673fc_19a031f728b_-6f55,6151228,POINT (16.35807336027543 48.227065102586636),Sprühnebeldusche,11,
TRINKBRUNNENOGD.fid-761673fc_19a031f728b_-6f54,6151229,POINT (16.360690391958716 48.214490594659765),Sprühnebeldusche,11,
TRINKBRUNNENOGD.fid-761673fc_19a031f728b_-6f53,6151230,POINT (16.362032622937182 48.25222211512451),Trinkbrunnen,4,
TRINKBRUNNENOGD.fid-761673fc_19a031f728b_-6f52,6151231,POINT (16.280981031872212 48.13583138916359),Bodenfontäne,12,
TRINKBRUNNENOGD.fid-761673fc_19a031f728b_-6f51,6151232,POINT (16.39904111022236 48.19423240299151),Trinkbrunnen mit Tränke,5,
TRINKBRUNNENOGD.fid-761673fc_19a031f728b_-6f50,6151233,POINT (16.4010739305905 48.19761308238487),Trinkbrunnen mit Tränke,5,
TRINKBRUNNENOGD.fid-761673fc_19a031f728b_-6f4f,6151234,POINT (16.277898749172703 48.13934108844725),Trinkbrunnen mit Tränke,5,
TRINKBRUNNENOGD.fid-761673fc_19a031f728b_-6f4e,6151235,POINT (16.40177611943266 48.19739714536381),Trinkbrunnen mit Tränke,5,
TRINKBRUNNENOGD.fid-761673fc_19a031f728b_-6f4d,6151236,POINT (16.215165927410215 48.205541821965575),Trinkbrunnen,4,
TRINKBRUNNENOGD.fid-761673fc_19a031f728b_-6f4c,6151237,POINT (16.33896339466315 48.22581680572237),Trinkbrunnen mit Tränke,5,
TRINKBRUNNENOGD.fid-761673fc_19a031f728b_-6f4b,6151238,POINT (16.34743875202879 48.187138339507904),Trinkbrunnen mit Tränke,5,
TRINKBRUNNENOGD.fid-761673fc_19a031f728b_-6f4a,6151239,POINT (16.33721129150751 48.250683551837234),Trinkbrunnen,4,
TRINKBRUNNENOGD.fid-761673fc_19a031f728b_-6f49,6151240,POINT (16.412309968445957 48.277720505462504),Spielbrunnen,3,
TRINKBRUNNENOGD.fid-761673fc_19a031f728b_-6f48,6151241,POINT (16.345831126992802 48.18186956092329),Trinkbrunnen mit Tränke,5,
TRINKBRUNNENOGD.fid-761673fc_19a031f728b_-6f47,6151242,POINT (16.26776818987144 48.1966349821632),Grundwasserbrunnen,1,
TRINKBRUNNENOGD.fid-761673fc_19a031f728b_-6f46,6151243,POINT (16.268001244692172 48.19651848989386),Trinkbrunnen mit Tränke,5,
TRINKBRUNNENOGD.fid-761673fc_19a031f728b_-6f45,6151244,POINT (16.503589348114605 48.224344244011604),Trinkbrunnen mit Tränke,5,
TRINKBRUNNENOGD.fid-761673fc_19a031f728b_-6f44,6151245,POINT (16.329270795594653 48.216417698140326),Trinkbrunnen mit Tränke,5,
TRINKBRUNNENOGD.fid-761673fc_19a031f728b_-6f43,6151246,POINT (16.383744185079156 48.18002358725068),Trinkbrunnen mit Tränke,5,
TRINKBRUNNENOGD.fid-761673fc_19a031f728b_-6f42,6151247,POINT (16.316931695228853 48.22136223061397),Trinkbrunnen,4,
TRINKBRUNNENOGD.fid-761673fc_19a031f728b_-6f41,6151248,POINT (16.433515760039995 48.25216678319236),Trinkbrunnen mit Tränke,5,
TRINKBRUNNENOGD.fid-761673fc_19a031f728b_-6f40,6151249,POINT (16.457223661854933 48.21473940469431),Trinkbrunnen,4,
TRINKBRUNNENOGD.fid-761673fc_19a031f728b_-6f3f,6151250,POINT (16.381950791963803 48.18187179214481),Trinkbrunnen,4,
TRINKBRUNNENOGD.fid-761673fc_19a031f728b_-6f3e,6151251,POINT (16.30709918423006 48.24770027906935),Trinkbrunnen,4,
TRINKBRUNNENOGD.fid-761673fc_19a031f728b_-6f3d,6151252,POINT (16.339091633641477 48.189482943835685),Sprühnebeldusche,11,
TRINKBRUNNENOGD.fid-761673fc_19a031f728b_-6f3c,6151253,POINT (16.318517649108905 48.24555483142845),Trinkbrunnen mit Tränke,5,
TRINKBRUNNENOGD.fid-761673fc_19a031f728b_-6f3b,6151254,POINT (16.24477170166832 48.20773427641818),Trinkbrunnen,4,
TRINKBRUNNENOGD.fid-761673fc_19a031f728b_-6f3a,6151255,POINT (16.42906832031515 48.16519688919197),Trinkbrunnen,4,
TRINKBRUNNENOGD.fid-761673fc_19a031f728b_-6f39,6151256,POINT (16.425800561658836 48.16725626556151),Trinkbrunnen,4,
TRINKBRUNNENOGD.fid-761673fc_19a031f728b_-6f38,6151257,POINT (16.438436110005938 48.26974619441412),Spielbrunnen,3,
TRINKBRUNNENOGD.fid-761673fc_19a031f728b_-6f37,6151258,POINT (16.448696430486738 48.269357667099065),Spielbrunnen,3,
TRINKBRUNNENOGD.fid-761673fc_19a031f728b_-6f36,6151259,POINT (16.43058584864994 48.16799729568764),Spielbrunnen,3,
TRINKBRUNNENOGD.fid-761673fc_19a031f728b_-6f35,6151260,POINT (16.430528343140058 48.16806589063495),Trinkbrunnen mit Tränke,5,
TRINKBRUNNENOGD.fid-761673fc_19a031f728b_-6f34,6151261,POINT (16.39406859049035 48.218941065092025),Trinkbrunnen mit Tränke,5,
TRINKBRUNNENOGD.fid-761673fc_19a031f728b_-6f33,6151262,POINT (16.396123202031816 48.21913718376086),Spielbrunnen,3,
TRINKBRUNNENOGD.fid-761673fc_19a031f728b_-6f32,6151263,POINT (16.396191665415625 48.21971533090992),Trinkbrunnen,4,
TRINKBRUNNENOGD.fid-761673fc_19a031f728b_-6f31,6151264,POINT (16.394305114482922 48.219453636472466),Trinkbrunnen mit Tränke,5,
TRINKBRUNNENOGD.fid-761673fc_19a031f728b_-6f30,6151265,POINT (16.39416817326785 48.21925699375844),Grundwasserbrunnen,1,
TRINKBRUNNENOGD.fid-761673fc_19a031f728b_-6f2f,6151266,POINT (16.372566013589665 48.21807692142583),Trinkbrunnen mit Tränke,5,
TRINKBRUNNENOGD.fid-761673fc_19a031f728b_-6f2e,6151267,POINT (16.251631341891297 48.20203138789152),Trinkbrunnen,4,
TRINKBRUNNENOGD.fid-761673fc_19a031f728b_-6f2d,6151268,POINT (16.248633648986363 48.20284538547985),Trinkbrunnen mit Tränke,5,
TRINKBRUNNENOGD.fid-761673fc_19a031f728b_-6f2c,6151269,POINT (16.249901307408642 48.20228483385766),Trinkbrunnen mit Tränke,5,
TRINKBRUNNENOGD.fid-761673fc_19a031f728b_-6f2b,6151270,POINT (16.35333593458081 48.25835739464745),Trinkbrunnen mit Tränke,5,
TRINKBRUNNENOGD.fid-761673fc_19a031f728b_-6f2a,6151271,POINT (16.347785601543634 48.249685707219825),Trinkbrunnen,4,
TRINKBRUNNENOGD.fid-761673fc_19a031f728b_-6f29,6151272,POINT (16.33860117827361 48.198934165624664),Trinkbrunnen mit Tränke,5,
TRINKBRUNNENOGD.fid-761673fc_19a031f728b_-6f28,6151273,POINT (16.33788911936865 48.20067391607163),Trinkbrunnen mit Tränke,5,
TRINKBRUNNENOGD.fid-761673fc_19a031f728b_-6f27,6151274,POINT (16.4522803782128 48.23073219457076),Grundwasserbrunnen,1,
TRINKBRUNNENOGD.fid-761673fc_19a031f728b_-6f26,6151275,POINT (16.393248128681645 48.20176683344419),Trinkbrunnen mit Tränke,5,
TRINKBRUNNENOGD.fid-761673fc_19a031f728b_-6f25,6151276,POINT (16.352692074238572 48.22982605175487),Spielbrunnen,3,
TRINKBRUNNENOGD.fid-761673fc_19a031f728b_-6f24,6151277,POINT (16.352529772820105 48.22973072836001),Trinkbrunnen mit Tränke,5,
TRINKBRUNNENOGD.fid-761673fc_19a031f728b_-6f23,6151278,POINT (16.404530739698462 48.22428495583701),Trinkbrunnen mit Tränke,5,
TRINKBRUNNENOGD.fid-761673fc_19a031f728b_-6f22,6151279,POINT (16.41463989166709 48.21478827536049),Trinkbrunnen mit Tränke,5,
TRINKBRUNNENOGD.fid-761673fc_19a031f728b_-6f21,6151280,POINT (16.405180748800646 48.21680932775022),Trinkbrunnen,4,
TRINKBRUNNENOGD.fid-761673fc_19a031f728b_-6f20,6151281,POINT (16.45162039805258 48.22424645540264),Trinkbrunnen,4,
TRINKBRUNNENOGD.fid-761673fc_19a031f728b_-6f1f,6151282,POINT (16.39206377887064 48.19179051963841),Trinkbrunnen mit Tränke,5,
TRINKBRUNNENOGD.fid-761673fc_19a031f728b_-6f1e,6151283,POINT (16.39363480579522 48.19007938269162),Trinkbrunnen mit Tränke,5,
TRINKBRUNNENOGD.fid-761673fc_19a031f728b_-6f1d,6151284,POINT (16.314689616016448 48.20670717764689),Trinkbrunnen mit Tränke,5,
TRINKBRUNNENOGD.fid-761673fc_19a031f728b_-6f1c,6151285,POINT (16.314313458226003 48.20642573411912),Trinkbrunnen mit Tränke,5,
TRINKBRUNNENOGD.fid-761673fc_19a031f728b_-6f1b,6151286,POINT (16.31516811093081 48.20638290552977),Trinkbrunnen mit Tränke,5,
TRINKBRUNNENOGD.fid-761673fc_19a031f728b_-6f1a,6151287,POINT (16.348221767500668 48.1951742393043),Zierbrunnen,6,
TRINKBRUNNENOGD.fid-761673fc_19a031f728b_-6f19,6151288,POINT (16.29489726380815 48.23058857686363),Trinkbrunnen mit Tränke,5,
TRINKBRUNNENOGD.fid-761673fc_19a031f728b_-6f18,6151289,POINT (16.40311952994952 48.188006290650904),Grundwasserbrunnen,1,
TRINKBRUNNENOGD.fid-761673fc_19a031f728b_-6f17,6151290,POINT (16.376441430813482 48.19857188813201),Trinkbrunnen mit Tränke,5,
TRINKBRUNNENOGD.fid-761673fc_19a031f728b_-6f16,6151291,POINT (16.376109905006242 48.198377345315926),Zierbrunnen,6,
TRINKBRUNNENOGD.fid-761673fc_19a031f728b_-6f15,6151292,POINT (16.33313109440894 48.18941153004497),Trinkbrunnen mit Tränke,5,
TRINKBRUNNENOGD.fid-761673fc_19a031f728b_-6f14,6151293,POINT (16.312912355717796 48.24999315401921),Trinkbrunnen mit Tränke,5,
TRINKBRUNNENOGD.fid-761673fc_19a031f728b_-6f13,6151294,POINT (16.326916582788854 48.189763244164055),Trinkbrunnen mit Tränke,5,
TRINKBRUNNENOGD.fid-761673fc_19a031f728b_-6f12,6151295,POINT (16.402692186709107 48.22626002920432),Zierbrunnen,6,
TRINKBRUNNENOGD.fid-761673fc_19a031f728b_-6f11,6151296,POINT (16.32897327098601 48.1898817453952),Trinkbrunnen mit Tränke,5,
TRINKBRUNNENOGD.fid-761673fc_19a031f728b_-6f10,6151297,POINT (16.328625721891882 48.18996224607729),Trinkbrunnen mit Tränke,5,
TRINKBRUNNENOGD.fid-761673fc_19a031f728b_-6f0f,6151298,POINT (16.40316493998674 48.22643420178989),Trinkbrunnen,4,
TRINKBRUNNENOGD.fid-761673fc_19a031f728b_-6f0e,6151299,POINT (16.418368588983512 48.16663827679216),Trinkbrunnen,4,
TRINKBRUNNENOGD.fid-761673fc_19a031f728b_-6f0d,6151300,POINT (16.403326296554503 48.187724941088),Trinkbrunnen,4,
TRINKBRUNNENOGD.fid-761673fc_19a031f728b_-6f0c,6151301,POINT (16.5024906911411 48.227719863766154),Bodenfontäne,12,
TRINKBRUNNENOGD.fid-761673fc_19a031f728b_-6f0b,6151302,POINT (16.422327899695837 48.27603572175165),Trinkbrunnen,4,
TRINKBRUNNENOGD.fid-761673fc_19a031f728b_-6f0a,6151303,POINT (16.423744191092634 48.27763653261723),Trinkbrunnen,4,
TRINKBRUNNENOGD.fid-761673fc_19a031f728b_-6f09,6151304,POINT (16.44182985023832 48.24124527924616),Trinkbrunnen,4,
TRINKBRUNNENOGD.fid-761673fc_19a031f728b_-6f08,6151305,POINT (16.390827878406064 48.222540958816836),Trinkbrunnen mit Tränke,5,
TRINKBRUNNENOGD.fid-761673fc_19a031f728b_-6f07,6151306,POINT (16.390700297220675 48.22355244113008),Trinkbrunnen mit Tränke,5,
TRINKBRUNNENOGD.fid-761673fc_19a031f728b_-6f06,6151307,POINT (16.390742652831424 48.223511156638395),Trinkbrunnen mit Tränke,5,
TRINKBRUNNENOGD.fid-761673fc_19a031f728b_-6f05,6151308,POINT (16.389158060429057 48.295378852445694),Trinkbrunnen mit Tränke,5,
TRINKBRUNNENOGD.fid-761673fc_19a031f728b_-6f04,6151309,POINT (16.3712636826586 48.18692090272602),Zierbrunnen,6,
TRINKBRUNNENOGD.fid-761673fc_19a031f728b_-6f03,6151310,POINT (16.34249240037231 48.212233168085596),Trinkbrunnen mit Tränke,5,
TRINKBRUNNENOGD.fid-761673fc_19a031f728b_-6f02,6151311,POINT (16.402384291680903 48.225698677492566),Trinkbrunnen,4,
TRINKBRUNNENOGD.fid-761673fc_19a031f728b_-6f01,6151312,POINT (16.318876273002008 48.188855928363566),Trinkbrunnen mit Tränke,5,
TRINKBRUNNENOGD.fid-761673fc_19a031f728b_-6f00,6151313,POINT (16.386431894041806 48.29153438884198),Trinkbrunnen mit Tränke,5,
TRINKBRUNNENOGD.fid-761673fc_19a031f728b_-6eff,6151314,POINT (16.40143828481307 48.18245425400302),Trinkbrunnen,4,
TRINKBRUNNENOGD.fid-761673fc_19a031f728b_-6efe,6151315,POINT (16.309014439561448 48.24089841671307),Spielbrunnen,3,
TRINKBRUNNENOGD.fid-761673fc_19a031f728b_-6efd,6151316,POINT (16.316917773160267 48.188754467909796),Trinkbrunnen mit Tränke,5,
TRINKBRUNNENOGD.fid-761673fc_19a031f728b_-6efc,6151317,POINT (16.30735621453737 48.2417695164594),Grundwasserbrunnen,1,
TRINKBRUNNENOGD.fid-761673fc_19a031f728b_-6efb,6151318,POINT (16.35064464191193 48.18612549291061),Trinkbrunnen mit Tränke,5,
TRINKBRUNNENOGD.fid-761673fc_19a031f728b_-6efa,6151319,POINT (16.329963624654855 48.234439596051494),Trinkbrunnen,4,
TRINKBRUNNENOGD.fid-761673fc_19a031f728b_-6ef9,6151320,POINT (16.309327345801076 48.24122502663236),Trinkbrunnen mit Tränke,5,
TRINKBRUNNENOGD.fid-761673fc_19a031f728b_-6ef8,6151321,POINT (16.3917112246878 48.28950022680034),Trinkbrunnen mit Tränke,5,
TRINKBRUNNENOGD.fid-761673fc_19a031f728b_-6ef7,6151322,POINT (16.39164718119968 48.289323825846076),Spielbrunnen,3,
TRINKBRUNNENOGD.fid-761673fc_19a031f728b_-6ef6,6151323,POINT (16.398780897933307 48.191150346987286),Trinkbrunnen mit Tränke,5,
TRINKBRUNNENOGD.fid-761673fc_19a031f728b_-6ef5,6151324,POINT (16.38891770809092 48.20245002262979),Trinkbrunnen,4,
TRINKBRUNNENOGD.fid-761673fc_19a031f728b_-6ef4,6151325,POINT (16.439047210815787 48.23174232323592),Trinkbrunnen mit Tränke,5,
TRINKBRUNNENOGD.fid-761673fc_19a031f728b_-6ef3,6151326,POINT (16.332711167872095 48.18927546753499),Trinkbrunnen mit Tränke,5,
TRINKBRUNNENOGD.fid-761673fc_19a031f728b_-6ef2,6151327,POINT (16.47772180278184 48.253759760158026),Trinkbrunnen,4,
TRINKBRUNNENOGD.fid-761673fc_19a031f728b_-6ef1,6151328,POINT (16.47730426179697 48.25273949235525),Trinkbrunnen,4,
TRINKBRUNNENOGD.fid-761673fc_19a031f728b_-6ef0,6151329,POINT (16.315415610540324 48.20414954328505),Trinkbrunnen,4,
TRINKBRUNNENOGD.fid-761673fc_19a031f728b_-6eef,6151330,POINT (16.315450019523407 48.20413460453633),Zierbrunnen,6,
TRINKBRUNNENOGD.fid-761673fc_19a031f728b_-6eee,6151331,POINT (16.304783314103307 48.24260117850995),Zierbrunnen,6,
TRINKBRUNNENOGD.fid-761673fc_19a031f728b_-6eed,6151332,POINT (16.311129491187305 48.19610905475961),Trinkbrunnen,4,
TRINKBRUNNENOGD.fid-761673fc_19a031f728b_-6eec,6151333,POINT (16.39967866050753 48.25160379808214),Trinkbrunnen,4,
TRINKBRUNNENOGD.fid-761673fc_19a031f728b_-6eeb,6151334,POINT (16.356178725215997 48.20741803507133),Trinkbrunnen mit Tränke,5,
TRINKBRUNNENOGD.fid-761673fc_19a031f728b_-6eea,6151335,POINT (16.389497171476766 48.14804129868887),Sprühnebeldusche,11,
TRINKBRUNNENOGD.fid-761673fc_19a031f728b_-6ee9,6151336,POINT (16.347002228482545 48.1817009844922),Trinkbrunnen mit Tränke,5,
TRINKBRUNNENOGD.fid-761673fc_19a031f728b_-6ee8,6151337,POINT (16.417605016408075 48.18318936289215),Trinkbrunnen mit Tränke,5,
TRINKBRUNNENOGD.fid-761673fc_19a031f728b_-6ee7,6151338,POINT (16.418076586310352 48.18239171490717),Trinkbrunnen mit Tränke,5,
TRINKBRUNNENOGD.fid-761673fc_19a031f728b_-6ee6,6151339,POINT (16.381170195935486 48.178358041967996),Trinkbrunnen mit Tränke,5,
TRINKBRUNNENOGD.fid-761673fc_19a031f728b_-6ee5,6151340,POINT (16.36789457766714 48.18619124130994),Trinkbrunnen mit Tränke,5,
TRINKBRUNNENOGD.fid-761673fc_19a031f728b_-6ee4,6151341,POINT (16.449968063843535 48.23233203315884),Spielbrunnen,3,
TRINKBRUNNENOGD.fid-761673fc_19a031f728b_-6ee3,6151342,POINT (16.383110885571 48.17913083636027),Trinkbrunnen mit Tränke,5,
TRINKBRUNNENOGD.fid-761673fc_19a031f728b_-6ee2,6151343,POINT (16.334479886577608 48.2404406392245),Trinkbrunnen mit Tränke,5,
TRINKBRUNNENOGD.fid-761673fc_19a031f728b_-6ee1,6151344,POINT (16.333886764697915 48.23898360875747),Trinkbrunnen mit Tränke,5,
TRINKBRUNNENOGD.fid-761673fc_19a031f728b_-6ee0,6151345,POINT (16.301795305747664 48.24302451385988),Trinkbrunnen mit Tränke,5,
TRINKBRUNNENOGD.fid-761673fc_19a031f728b_-6edf,6151346,POINT (16.356432431290084 48.153284895809506),Trinkbrunnen mit Tränke,5,
TRINKBRUNNENOGD.fid-761673fc_19a031f728b_-6ede,6151347,POINT (16.384301500096615 48.17950422515971),Spielbrunnen,3,
TRINKBRUNNENOGD.fid-761673fc_19a031f728b_-6edd,6151348,POINT (16.452962140211994 48.23742613389836),Spielbrunnen,3,
TRINKBRUNNENOGD.fid-761673fc_19a031f728b_-6edc,6151349,POINT (16.383880162999166 48.26988972362187),Trinkbrunnen,4,
TRINKBRUNNENOGD.fid-761673fc_19a031f728b_-6edb,6151350,POINT (16.4790665571292 48.246204997502225),Trinkbrunnen mit Tränke,5,
TRINKBRUNNENOGD.fid-761673fc_19a031f728b_-6eda,6151351,POINT (16.48884511462965 48.21273549559991),Trinkbrunnen,4,
TRINKBRUNNENOGD.fid-761673fc_19a031f728b_-6ed9,6151352,POINT (16.28670628875834 48.152138546592745),Trinkbrunnen mit Tränke,5,
TRINKBRUNNENOGD.fid-761673fc_19a031f728b_-6ed8,6151353,POINT (16.352226938058422 48.153412533529924),Spielbrunnen,3,
TRINKBRUNNENOGD.fid-761673fc_19a031f728b_-6ed7,6151354,POINT (16.36770201504045 48.186987587634974),Trinkbrunnen mit Tränke,5,
TRINKBRUNNENOGD.fid-761673fc_19a031f728b_-6ed6,6151355,POINT (16.328355168475994 48.180575579151075),Trinkbrunnen,4,
TRINKBRUNNENOGD.fid-761673fc_19a031f728b_-6ed5,6151356,POINT (16.402754663423156 48.25106636634858),Spielbrunnen,3,
TRINKBRUNNENOGD.fid-761673fc_19a031f728b_-6ed4,6151357,POINT (16.39495203192983 48.216787658498546),Grundwasserbrunnen,1,
TRINKBRUNNENOGD.fid-761673fc_19a031f728b_-6ed3,6151358,POINT (16.52226807268298 48.21334648913412),Trinkbrunnen,4,
TRINKBRUNNENOGD.fid-761673fc_19a031f728b_-6ed2,6151359,POINT (16.401186018491437 48.20608030008635),Grundwasserbrunnen,1,
TRINKBRUNNENOGD.fid-761673fc_19a031f728b_-6ed1,6151360,POINT (16.32592760232531 48.21291387893588),Trinkbrunnen mit Tränke,5,
TRINKBRUNNENOGD.fid-761673fc_19a031f728b_-6ed0,6151361,POINT (16.405373054678176 48.14547575651122),Zierbrunnen,6,
TRINKBRUNNENOGD.fid-761673fc_19a031f728b_-6ecf,6151362,POINT (16.399199857125257 48.261371188619414),Spielbrunnen,3,
TRINKBRUNNENOGD.fid-761673fc_19a031f728b_-6ece,6151363,POINT (16.42905874949441 48.16960668948861),Trinkbrunnen mit Tränke,5,
TRINKBRUNNENOGD.fid-761673fc_19a031f728b_-6ecd,6151364,POINT (16.308386333335932 48.209249798219204),Trinkbrunnen mit Tränke,5,
TRINKBRUNNENOGD.fid-761673fc_19a031f728b_-6ecc,6151365,POINT (16.335602079736216 48.21329902236485),Trinkbrunnen mit Tränke,5,
TRINKBRUNNENOGD.fid-761673fc_19a031f728b_-6ecb,6151366,POINT (16.335161889238012 48.21364253500203),Trinkbrunnen mit Tränke,5,
TRINKBRUNNENOGD.fid-761673fc_19a031f728b_-6eca,6151367,POINT (16.321068978209468 48.21275669678992),Trinkbrunnen mit Tränke,5,
TRINKBRUNNENOGD.fid-761673fc_19a031f728b_-6ec9,6151368,POINT (16.308210662652495 48.22194006963485),Trinkbrunnen mit Tränke,5,
TRINKBRUNNENOGD.fid-761673fc_19a031f728b_-6ec8,6151369,POINT (16.310956149451457 48.222735148281764),Trinkbrunnen mit Tränke,5,
TRINKBRUNNENOGD.fid-761673fc_19a031f728b_-6ec7,6151370,POINT (16.30905926366295 48.22155620812315),Trinkbrunnen mit Tränke,5,
TRINKBRUNNENOGD.fid-761673fc_19a031f728b_-6ec6,6151371,POINT (16.39275816529253 48.23306503815523),Spielbrunnen,3,
TRINKBRUNNENOGD.fid-761673fc_19a031f728b_-6ec5,6151372,POINT (16.38491219510828 48.21324008741188),Trinkbrunnen,4,
TRINKBRUNNENOGD.fid-761673fc_19a031f728b_-6ec4,6151373,POINT (16.397124526928607 48.227075449161845),Trinkbrunnen mit Tränke,5,
TRINKBRUNNENOGD.fid-761673fc_19a031f728b_-6ec3,6151374,POINT (16.397248136618398 48.22703820297405),Spielbrunnen,3,
TRINKBRUNNENOGD.fid-761673fc_19a031f728b_-6ec2,6151375,POINT (16.397993925697822 48.22602736329594),Trinkbrunnen mit Tränke,5,
TRINKBRUNNENOGD.fid-761673fc_19a031f728b_-6ec1,6151376,POINT (16.396525649781363 48.22633593592195),Trinkbrunnen mit Tränke,5,
TRINKBRUNNENOGD.fid-761673fc_19a031f728b_-6ec0,6151377,POINT (16.397135791398096 48.22532932501654),Trinkbrunnen mit Tränke,5,
TRINKBRUNNENOGD.fid-761673fc_19a031f728b_-6ebf,6151378,POINT (16.3809717109185 48.15440444344183),Trinkbrunnen mit Tränke,5,
TRINKBRUNNENOGD.fid-761673fc_19a031f728b_-6ebe,6151379,POINT (16.351694833591974 48.165604633534656),Trinkbrunnen,4,
TRINKBRUNNENOGD.fid-761673fc_19a031f728b_-6ebd,6151380,POINT (16.3519790878816 48.165844466342826),Trinkbrunnen mit Tränke,5,
TRINKBRUNNENOGD.fid-761673fc_19a031f728b_-6ebc,6151381,POINT (16.304686509699803 48.21413136913604),Trinkbrunnen mit Tränke,5,
TRINKBRUNNENOGD.fid-761673fc_19a031f728b_-6ebb,6151382,POINT (16.31304746351826 48.22032288808848),Trinkbrunnen,4,
TRINKBRUNNENOGD.fid-761673fc_19a031f728b_-6eba,6151383,POINT (16.36772584284321 48.21459517900073),Trinkbrunnen,4,
TRINKBRUNNENOGD.fid-761673fc_19a031f728b_-6eb9,6151384,POINT (16.35037242333757 48.21244677213724),Zierbrunnen,6,
TRINKBRUNNENOGD.fid-761673fc_19a031f728b_-6eb8,6151385,POINT (16.35070214677468 48.212572296763376),Zierbrunnen,6,
TRINKBRUNNENOGD.fid-761673fc_19a031f728b_-6eb7,6151386,POINT (16.35118127153543 48.21218590008568),Trinkbrunnen mit Tränke,5,
TRINKBRUNNENOGD.fid-761673fc_19a031f728b_-6eb6,6151387,POINT (16.345481710717976 48.211113413848345),Zierbrunnen,6,
TRINKBRUNNENOGD.fid-761673fc_19a031f728b_-6eb5,6151388,POINT (16.3448317743595 48.21129314571233),Trinkbrunnen mit Tränke,5,
TRINKBRUNNENOGD.fid-761673fc_19a031f728b_-6eb4,6151389,POINT (16.345579802783057 48.211250393182034),Trinkbrunnen,4,
TRINKBRUNNENOGD.fid-761673fc_19a031f728b_-6eb3,6151390,POINT (16.35121752000203 48.20747002659469),Trinkbrunnen mit Tränke,5,
TRINKBRUNNENOGD.fid-761673fc_19a031f728b_-6eb2,6151391,POINT (16.33036368189428 48.22321009053155),Trinkbrunnen mit Tränke,5,
TRINKBRUNNENOGD.fid-761673fc_19a031f728b_-6eb1,6151392,POINT (16.41721872602391 48.199186545698915),Trinkbrunnen,4,
TRINKBRUNNENOGD.fid-761673fc_19a031f728b_-6eb0,6151393,POINT (16.441679242281104 48.192553303785886),Trinkbrunnen,4,
TRINKBRUNNENOGD.fid-761673fc_19a031f728b_-6eaf,6151394,POINT (16.358339963824918 48.22639354602322),Trinkbrunnen mit Tränke,5,
TRINKBRUNNENOGD.fid-761673fc_19a031f728b_-6eae,6151395,POINT (16.358332766513556 48.22641687934897),Trinkbrunnen mit Tränke,5,
TRINKBRUNNENOGD.fid-761673fc_19a031f728b_-6ead,6151396,POINT (16.358806496352813 48.21473535863297),Zierbrunnen,6,
TRINKBRUNNENOGD.fid-761673fc_19a031f728b_-6eac,6151397,POINT (16.36007611230233 48.21570835888811),Zierbrunnen,6,
TRINKBRUNNENOGD.fid-761673fc_19a031f728b_-6eab,6151398,POINT (16.358721979692852 48.22345890705496),Trinkbrunnen mit Tränke,5,
TRINKBRUNNENOGD.fid-761673fc_19a031f728b_-6eaa,6151399,POINT (16.491684669302032 48.247574605620315),Spielbrunnen,3,
TRINKBRUNNENOGD.fid-761673fc_19a031f728b_-6ea9,6151400,POINT (16.491974377729385 48.24829673016462),Trinkbrunnen,4,
TRINKBRUNNENOGD.fid-761673fc_19a031f728b_-6ea8,6151401,POINT (16.491547738451615 48.247490751485344),Spielbrunnen,3,
TRINKBRUNNENOGD.fid-761673fc_19a031f728b_-6ea7,6151402,POINT (16.35368444647866 48.2211448402545),Trinkbrunnen,4,
TRINKBRUNNENOGD.fid-761673fc_19a031f728b_-6ea6,6151403,POINT (16.37923869430042 48.20281600432218),Zierbrunnen,6,
TRINKBRUNNENOGD.fid-761673fc_19a031f728b_-6ea5,6151404,POINT (16.396161953991264 48.208019553578836),Trinkbrunnen mit Tränke,5,
TRINKBRUNNENOGD.fid-761673fc_19a031f728b_-6ea4,6151405,POINT (16.382649770552774 48.19972079191355),Trinkbrunnen mit Tränke,5,
TRINKBRUNNENOGD.fid-761673fc_19a031f728b_-6ea3,6151406,POINT (16.38751228797904 48.206053069730466),Trinkbrunnen mit Tränke,5,
TRINKBRUNNENOGD.fid-761673fc_19a031f728b_-6ea2,6151407,POINT (16.39096702583371 48.19830113188354),Trinkbrunnen mit Tränke,5,
TRINKBRUNNENOGD.fid-761673fc_19a031f728b_-6ea1,6151408,POINT (16.39239168255421 48.19848687330712),Trinkbrunnen,4,
TRINKBRUNNENOGD.fid-761673fc_19a031f728b_-6ea0,6151409,POINT (16.33468966996237 48.18448111872554),Trinkbrunnen mit Tränke,5,
TRINKBRUNNENOGD.fid-761673fc_19a031f728b_-6e9f,6151410,POINT (16.46073193709552 48.15372543305771),Spielbrunnen,3,
TRINKBRUNNENOGD.fid-761673fc_19a031f728b_-6e9e,6151411,POINT (16.38787681069257 48.22472323961916),Trinkbrunnen mit Tränke,5,
TRINKBRUNNENOGD.fid-761673fc_19a031f728b_-6e9d,6151412,POINT (16.400363006176065 48.22028338549218),Trinkbrunnen mit Tränke,5,
TRINKBRUNNENOGD.fid-761673fc_19a031f728b_-6e9c,6151413,POINT (16.40016829193325 48.2205410773755),Trinkbrunnen mit Tränke,5,
TRINKBRUNNENOGD.fid-761673fc_19a031f728b_-6e9b,6151414,POINT (16.39996060788455 48.22053898143339),Spielbrunnen,3,
TRINKBRUNNENOGD.fid-761673fc_19a031f728b_-6e9a,6151415,POINT (16.40038753732994 48.2196612706416),Hundetrinkbrunnen,2,
TRINKBRUNNENOGD.fid-761673fc_19a031f728b_-6e99,6151416,POINT (16.416872346902295 48.21629195324533),Spielbrunnen,3,
TRINKBRUNNENOGD.fid-761673fc_19a031f728b_-6e98,6151417,POINT (16.386071851830266 48.217187110135576),Trinkbrunnen mit Tränke,5,
TRINKBRUNNENOGD.fid-761673fc_19a031f728b_-6e97,6151418,POINT (16.378177868152 48.21426917056689),Trinkbrunnen mit Tränke,5,
TRINKBRUNNENOGD.fid-761673fc_19a031f728b_-6e96,6151419,POINT (16.384594917951205 48.217958423916656),Spielbrunnen,3,
TRINKBRUNNENOGD.fid-761673fc_19a031f728b_-6e95,6151420,POINT (16.399558990171894 48.21273701196818),Spielbrunnen,3,
TRINKBRUNNENOGD.fid-761673fc_19a031f728b_-6e94,6151421,POINT (16.39455910213988 48.21640214109911),Trinkbrunnen,4,
TRINKBRUNNENOGD.fid-761673fc_19a031f728b_-6e93,6151422,POINT (16.40655773240623 48.20391675271002),Trinkbrunnen,4,
TRINKBRUNNENOGD.fid-761673fc_19a031f728b_-6e92,6151423,POINT (16.3330402348762 48.15006368289003),Trinkbrunnen mit Tränke,5,
TRINKBRUNNENOGD.fid-761673fc_19a031f728b_-6e91,6151424,POINT (16.317270251870063 48.14865968836345),Trinkbrunnen,4,
TRINKBRUNNENOGD.fid-761673fc_19a031f728b_-6e90,6151425,POINT (16.309024629903288 48.14809430422873),Trinkbrunnen mit Tränke,5,
TRINKBRUNNENOGD.fid-761673fc_19a031f728b_-6e8f,6151426,POINT (16.313300217406468 48.14886907812594),Trinkbrunnen mit Tränke,5,
TRINKBRUNNENOGD.fid-761673fc_19a031f728b_-6e8e,6151427,POINT (16.313129434551975 48.14805354654672),Trinkbrunnen mit Tränke,5,
TRINKBRUNNENOGD.fid-761673fc_19a031f728b_-6e8d,6151428,POINT (16.312559274158467 48.13044653176181),Trinkbrunnen mit Tränke,5,
TRINKBRUNNENOGD.fid-761673fc_19a031f728b_-6e8c,6151429,POINT (16.313854387993857 48.13091028628648),Trinkbrunnen mit Tränke,5,
TRINKBRUNNENOGD.fid-761673fc_19a031f728b_-6e8b,6151430,POINT (16.35301974637515 48.14773249040799),Trinkbrunnen,4,
TRINKBRUNNENOGD.fid-761673fc_19a031f728b_-6e8a,6151431,POINT (16.27476059031103 48.13755696760539),Trinkbrunnen mit Tränke,5,
TRINKBRUNNENOGD.fid-761673fc_19a031f728b_-6e89,6151432,POINT (16.303781036498485 48.14942302928912),Trinkbrunnen mit Tränke,5,
TRINKBRUNNENOGD.fid-761673fc_19a031f728b_-6e88,6151433,POINT (16.267235979120038 48.14925170491337),Trinkbrunnen mit Tränke,5,
TRINKBRUNNENOGD.fid-761673fc_19a031f728b_-6e87,6151434,POINT (16.26988196879837 48.151276476900215),Trinkbrunnen,4,
TRINKBRUNNENOGD.fid-761673fc_19a031f728b_-6e86,6151435,POINT (16.270136762048136 48.151686639272874),Zierbrunnen,6,
TRINKBRUNNENOGD.fid-761673fc_19a031f728b_-6e85,6151436,POINT (16.344801396376056 48.1517203386912),Trinkbrunnen mit Tränke,5,
TRINKBRUNNENOGD.fid-761673fc_19a031f728b_-6e84,6151437,POINT (16.34092464353473 48.15065453289981),Trinkbrunnen mit Tränke,5,
TRINKBRUNNENOGD.fid-761673fc_19a031f728b_-6e83,6151438,POINT (16.292020461506137 48.14815555763137),Trinkbrunnen mit Tränke,5,
TRINKBRUNNENOGD.fid-761673fc_19a031f728b_-6e82,6151439,POINT (16.40585798937527 48.20490016765254),Trinkbrunnen mit Tränke,5,
TRINKBRUNNENOGD.fid-761673fc_19a031f728b_-6e81,6151440,POINT (16.405868216050322 48.20616819623328),Trinkbrunnen,4,
TRINKBRUNNENOGD.fid-761673fc_19a031f728b_-6e80,6151441,POINT (16.40092599435875 48.213175541158435),Trinkbrunnen,4,
TRINKBRUNNENOGD.fid-761673fc_19a031f728b_-6e7f,6150816,POINT (16.39241425553357 48.14015673366394),Spielbrunnen,3,
TRINKBRUNNENOGD.fid-761673fc_19a031f728b_-6e7e,6150817,POINT (16.407557032466855 48.255234318524394),Trinkbrunnen,4,
TRINKBRUNNENOGD.fid-761673fc_19a031f728b_-6e7d,6150818,POINT (16.407436038368928 48.255312374989934),Spielbrunnen,3,
TRINKBRUNNENOGD.fid-761673fc_19a031f728b_-6e7c,6150819,POINT (16.382981649875287 48.26859461297082),Trinkbrunnen mit Tränke,5,
TRINKBRUNNENOGD.fid-761673fc_19a031f728b_-6e7b,6150820,POINT (16.40260575751808 48.25088162434421),Trinkbrunnen,4,
TRINKBRUNNENOGD.fid-761673fc_19a031f728b_-6e7a,6150821,POINT (16.415142176334083 48.25268709702927),Trinkbrunnen mit Tränke,5,
TRINKBRUNNENOGD.fid-761673fc_19a031f728b_-6e79,6150822,POINT (16.399803532875474 48.25495942294213),Trinkbrunnen mit Tränke,5,
TRINKBRUNNENOGD.fid-761673fc_19a031f728b_-6e78,6150823,POINT (16.315094412605 48.23208603133688),Trinkbrunnen mit Tränke,5,
TRINKBRUNNENOGD.fid-761673fc_19a031f728b_-6e77,6150824,POINT (16.50896780010699 48.225638509583085),Trinkbrunnen mit Tränke,5,
TRINKBRUNNENOGD.fid-761673fc_19a031f728b_-6e76,6150825,POINT (16.419395514165217 48.2276231601378),Trinkbrunnen mit Tränke,5,
TRINKBRUNNENOGD.fid-761673fc_19a031f728b_-6e75,6150826,POINT (16.42160605448634 48.25444155457316),Trinkbrunnen mit Tränke,5,
TRINKBRUNNENOGD.fid-761673fc_19a031f728b_-6e74,6150827,POINT (16.387390885050866 48.262616885218435),Trinkbrunnen,4,
TRINKBRUNNENOGD.fid-761673fc_19a031f728b_-6e73,6150828,POINT (16.3940122057826 48.27314055193617),Trinkbrunnen mit Tränke,5,
TRINKBRUNNENOGD.fid-761673fc_19a031f728b_-6e72,6150829,POINT (16.39369805237946 48.272940333061136),Trinkbrunnen mit Tränke,5,
TRINKBRUNNENOGD.fid-761673fc_19a031f728b_-6e71,6150830,POINT (16.38793637029448 48.262475397281776),Grundwasserbrunnen,1,
TRINKBRUNNENOGD.fid-761673fc_19a031f728b_-6e70,6150831,POINT (16.346027496043707 48.22373474839247),Trinkbrunnen,4,
TRINKBRUNNENOGD.fid-761673fc_19a031f728b_-6e6f,6150832,POINT (16.34601494211889 48.223707666463845),Zierbrunnen,6,
TRINKBRUNNENOGD.fid-761673fc_19a031f728b_-6e6e,6150833,POINT (16.335829454723427 48.228298978747844),Trinkbrunnen mit Tränke,5,
TRINKBRUNNENOGD.fid-761673fc_19a031f728b_-6e6d,6150834,POINT (16.339047096901535 48.226581897615496),Trinkbrunnen,4,
TRINKBRUNNENOGD.fid-761673fc_19a031f728b_-6e6c,6150835,POINT (16.349805396017764 48.23241146808528),Trinkbrunnen mit Tränke,5,
TRINKBRUNNENOGD.fid-761673fc_19a031f728b_-6e6b,6150836,POINT (16.334943864992198 48.22657553431654),Trinkbrunnen mit Tränke,5,
TRINKBRUNNENOGD.fid-761673fc_19a031f728b_-6e6a,6150837,POINT (16.33477546011073 48.226730218937405),Spielbrunnen,3,
TRINKBRUNNENOGD.fid-761673fc_19a031f728b_-6e69,6150838,POINT (16.336846566016312 48.22351636494194),Trinkbrunnen mit Tränke,5,
TRINKBRUNNENOGD.fid-761673fc_19a031f728b_-6e68,6150839,POINT (16.442710943459787 48.25318299202233),Trinkbrunnen,4,
TRINKBRUNNENOGD.fid-761673fc_19a031f728b_-6e67,6150840,POINT (16.375356360522154 48.17845127539408),Trinkbrunnen mit Tränke,5,
TRINKBRUNNENOGD.fid-761673fc_19a031f728b_-6e66,6150841,POINT (16.3817031058363 48.16431987443004),Trinkbrunnen,4,
TRINKBRUNNENOGD.fid-761673fc_19a031f728b_-6e65,6150842,POINT (16.37872332811222 48.204515480178735),Zierbrunnen,6,
TRINKBRUNNENOGD.fid-761673fc_19a031f728b_-6e64,6150843,POINT (16.372822688055777 48.215405337620076),Trinkbrunnen mit Tränke,5,
TRINKBRUNNENOGD.fid-761673fc_19a031f728b_-6e63,6150844,POINT (16.42038345394603 48.297406903617215),Trinkbrunnen mit Tränke,5,
TRINKBRUNNENOGD.fid-761673fc_19a031f728b_-6e62,6150845,POINT (16.40565402145542 48.27655296446198),Trinkbrunnen mit Tränke,5,
TRINKBRUNNENOGD.fid-761673fc_19a031f728b_-6e61,6150846,POINT (16.405801663174955 48.27699042961509),Spielbrunnen,3,
TRINKBRUNNENOGD.fid-761673fc_19a031f728b_-6e60,6150847,POINT (16.448784804121075 48.269258622003605),Trinkbrunnen,4,
TRINKBRUNNENOGD.fid-761673fc_19a031f728b_-6e5f,6150848,POINT (16.416675829627668 48.29471221976572),Trinkbrunnen,4,
TRINKBRUNNENOGD.fid-761673fc_19a031f728b_-6e5e,6150849,POINT (16.41722416018082 48.29463598854931),Trinkbrunnen,4,
TRINKBRUNNENOGD.fid-761673fc_19a031f728b_-6e5d,6150850,POINT (16.454874962434115 48.270198892387846),Trinkbrunnen mit Tränke,5,
TRINKBRUNNENOGD.fid-761673fc_19a031f728b_-6e5c,6150851,POINT (16.44792450143207 48.27216008468757),Trinkbrunnen mit Tränke,5,
TRINKBRUNNENOGD.fid-761673fc_19a031f728b_-6e5b,6150852,POINT (16.449069109843318 48.27184065563074),Trinkbrunnen,4,
TRINKBRUNNENOGD.fid-761673fc_19a031f728b_-6e5a,6150853,POINT (16.412444703947976 48.27750653115762),Trinkbrunnen mit Tränke,5,
TRINKBRUNNENOGD.fid-761673fc_19a031f728b_-6e59,6150854,POINT (16.40286583858607 48.150845510918884),Zierbrunnen,6,
TRINKBRUNNENOGD.fid-761673fc_19a031f728b_-6e58,6150855,POINT (16.402331485484048 48.15089898295904),Zierbrunnen,6,
TRINKBRUNNENOGD.fid-761673fc_19a031f728b_-6e57,6150856,POINT (16.403052269852157 48.150401593433585),Zierbrunnen,6,
TRINKBRUNNENOGD.fid-761673fc_19a031f728b_-6e56,6150857,POINT (16.406626741777433 48.14495399258772),Zierbrunnen,6,
TRINKBRUNNENOGD.fid-761673fc_19a031f728b_-6e55,6150858,POINT (16.36921193274482 48.199748828964125),Zierbrunnen,6,
TRINKBRUNNENOGD.fid-761673fc_19a031f728b_-6e54,6150859,POINT (16.37970710135723 48.204182801015335),Trinkbrunnen,4,
TRINKBRUNNENOGD.fid-761673fc_19a031f728b_-6e53,6150860,POINT (16.380695160368106 48.204852228743185),Zierbrunnen,6,
TRINKBRUNNENOGD.fid-761673fc_19a031f728b_-6e52,6152171,POINT (16.347664892159216 48.19107921133427),Auslaufbrunnen,7,
TRINKBRUNNENOGD.fid-761673fc_19a031f728b_-6e51,6152172,POINT (16.335206249545347 48.21115698835216),Auslaufbrunnen,7,
TRINKBRUNNENOGD.fid-761673fc_19a031f728b_-6e50,6152173,POINT (16.334792320158936 48.20909452036646),Auslaufbrunnen,7,
TRINKBRUNNENOGD.fid-761673fc_19a031f728b_-6e4f,6152174,POINT (16.376949262811618 48.24085284080047),Trinkhydrant,10,
TRINKBRUNNENOGD.fid-761673fc_19a031f728b_-6e4e,6152175,POINT (16.349565834870106 48.208018752271215),Trinkhydrant,10,
TRINKBRUNNENOGD.fid-761673fc_19a031f728b_-6e4d,6152176,POINT (16.400093753385786 48.185778275161816),Trinkhydrant,10,
TRINKBRUNNENOGD.fid-761673fc_19a031f728b_-6e4c,6152177,POINT (16.295440532576023 48.1920359383552),Trinkhydrant,10,
TRINKBRUNNENOGD.fid-761673fc_19a031f728b_-6e4b,6152178,POINT (16.348599930972547 48.1944979395703),Trinkhydrant,10,
TRINKBRUNNENOGD.fid-761673fc_19a031f728b_-6e4a,6152179,POINT (16.307677856557365 48.20941769032763),Trinkhydrant,10,
TRINKBRUNNENOGD.fid-761673fc_19a031f728b_-6e49,6152180,POINT (16.331862768182805 48.20952608292373),Trinkhydrant,10,
TRINKBRUNNENOGD.fid-761673fc_19a031f728b_-6e48,6152181,POINT (16.35246582954108 48.208157280711156),Auslaufbrunnen,7,
TRINKBRUNNENOGD.fid-761673fc_19a031f728b_-6e47,6152182,POINT (16.36985908914741 48.210147931642055),Trinkhydrant,10,
TRINKBRUNNENOGD.fid-761673fc_19a031f728b_-6e46,6152183,POINT (16.362560426539023 48.225776417339375),Auslaufbrunnen,7,
TRINKBRUNNENOGD.fid-761673fc_19a031f728b_-6e45,6152184,POINT (16.42336742461407 48.22631964140007),Auslaufbrunnen,7,
TRINKBRUNNENOGD.fid-761673fc_19a031f728b_-6e44,6152185,POINT (16.422329710254868 48.22936430409896),Trinkhydrant,10,
TRINKBRUNNENOGD.fid-761673fc_19a031f728b_-6e43,6152186,POINT (16.281594264832187 48.24206773126912),Auslaufbrunnen,7,
TRINKBRUNNENOGD.fid-761673fc_19a031f728b_-6e42,6152187,POINT (16.27383020924435 48.24251447932823),Auslaufbrunnen,7,
TRINKBRUNNENOGD.fid-761673fc_19a031f728b_-6e41,6152188,POINT (16.418565964723165 48.2458401587454),Auslaufbrunnen,7,
TRINKBRUNNENOGD.fid-761673fc_19a031f728b_-6e40,6152189,POINT (16.470965709518204 48.257632208449465),Auslaufbrunnen,7,
TRINKBRUNNENOGD.fid-761673fc_19a031f728b_-6e3f,6152190,POINT (16.462092954546637 48.25745737105262),Auslaufbrunnen,7,
TRINKBRUNNENOGD.fid-761673fc_19a031f728b_-6e3e,6152191,POINT (16.500959240033396 48.25625089995253),Auslaufbrunnen,7,
TRINKBRUNNENOGD.fid-761673fc_19a031f728b_-6e3d,6152192,POINT (16.44504431139484 48.26174679418468),Auslaufbrunnen,7,
TRINKBRUNNENOGD.fid-761673fc_19a031f728b_-6e3c,6152193,POINT (16.328637878600436 48.20727740438685),Auslaufbrunnen,7,
TRINKBRUNNENOGD.fid-761673fc_19a031f728b_-6e3b,6152194,POINT (16.364484550025328 48.19951203663635),Trinkhydrant,10,
TRINKBRUNNENOGD.fid-761673fc_19a031f728b_-6e3a,6152195,POINT (16.399169215024 48.25640877146696),Auslaufbrunnen,7,
TRINKBRUNNENOGD.fid-761673fc_19a031f728b_-6e39,6152196,POINT (16.471021398579396 48.20863757566204),Auslaufbrunnen,7,
TRINKBRUNNENOGD.fid-761673fc_19a031f728b_-6e38,6152197,POINT (16.327906661632667 48.21567371568954),Auslaufbrunnen,7,
TRINKBRUNNENOGD.fid-761673fc_19a031f728b_-6e37,6152198,POINT (16.35956136307572 48.2109771901165),Auslaufbrunnen,7,
TRINKBRUNNENOGD.fid-761673fc_19a031f728b_-6e36,6152199,POINT (16.42210894911029 48.244360708717885),Auslaufbrunnen,7,
TRINKBRUNNENOGD.fid-761673fc_19a031f728b_-6e35,6152200,POINT (16.3647658341896 48.21413530409579),Auslaufbrunnen,7,
TRINKBRUNNENOGD.fid-761673fc_19a031f728b_-6e34,6152201,POINT (16.372952038246247 48.25554990856515),Auslaufbrunnen,7,
TRINKBRUNNENOGD.fid-761673fc_19a031f728b_-6e33,6152202,POINT (16.49713357508077 48.21181551816028),Trinkhydrant,10,
TRINKBRUNNENOGD.fid-761673fc_19a031f728b_-6e32,6152203,POINT (16.432488179911562 48.24457316798894),Trinkhydrant,10,
TRINKBRUNNENOGD.fid-761673fc_19a031f728b_-6e31,6152204,POINT (16.405380797342353 48.304076311456406),Auslaufbrunnen,7,
TRINKBRUNNENOGD.fid-761673fc_19a031f728b_-6e30,6152205,POINT (16.276311136512206 48.24007771902156),Auslaufbrunnen,7,
TRINKBRUNNENOGD.fid-761673fc_19a031f728b_-6e2f,6152206,POINT (16.474262472061373 48.205596331534956),Auslaufbrunnen,7,
TRINKBRUNNENOGD.fid-761673fc_19a031f728b_-6e2e,6152207,POINT (16.26888217151767 48.24523942410661),Auslaufbrunnen,7,
TRINKBRUNNENOGD.fid-761673fc_19a031f728b_-6e2d,6152208,POINT (16.358421877715838 48.20927212558538),Auslaufbrunnen,7,
TRINKBRUNNENOGD.fid-761673fc_19a031f728b_-6e2c,6152209,POINT (16.338932309527618 48.211680131941485),Auslaufbrunnen,7,
TRINKBRUNNENOGD.fid-761673fc_19a031f728b_-6e2b,6152210,POINT (16.415037548026937 48.24356260740102),Auslaufbrunnen,7,
TRINKBRUNNENOGD.fid-761673fc_19a031f728b_-6e2a,6152211,POINT (16.342076566499 48.211965987567964),Auslaufbrunnen,7,
TRINKBRUNNENOGD.fid-761673fc_19a031f728b_-6e29,6152212,POINT (16.45055817349506 48.21316971536271),Auslaufbrunnen,7,
TRINKBRUNNENOGD.fid-761673fc_19a031f728b_-6e28,6152213,POINT (16.412654757002606 48.22057133672678),Auslaufbrunnen,7,
TRINKBRUNNENOGD.fid-761673fc_19a031f728b_-6e27,6152214,POINT (16.341579715970596 48.18971515388841),Auslaufbrunnen,7,
TRINKBRUNNENOGD.fid-761673fc_19a031f728b_-6e26,6152215,POINT (16.366690353337873 48.228683584669035),Trinkhydrant,10,
TRINKBRUNNENOGD.fid-761673fc_19a031f728b_-6e25,6152216,POINT (16.476422084706176 48.2059961633991),Auslaufbrunnen,7,
TRINKBRUNNENOGD.fid-761673fc_19a031f728b_-6e24,6152217,POINT (16.336038407431612 48.1947413125986),Trinkhydrant,10,
TRINKBRUNNENOGD.fid-761673fc_19a031f728b_-6e23,6152755,POINT (16.468449163386335 48.194163679507064),Trinkbrunnen,4,
TRINKBRUNNENOGD.fid-761673fc_19a031f728b_-6e22,6152756,POINT (16.371376805195304 48.21447458178873),Trinkbrunnen,4,
TRINKBRUNNENOGD.fid-761673fc_19a031f728b_-6e21,6152757,POINT (16.361289390993 48.21684210457191),Trinkbrunnen,4,
TRINKBRUNNENOGD.fid-761673fc_19a031f728b_-6e20,6152758,POINT (16.327343576976936 48.210117173525035),Trinkbrunnen,4,
TRINKBRUNNENOGD.fid-761673fc_19a031f728b_-6e1f,6152759,POINT (16.310261813147214 48.12272659423657),Trinkbrunnen,4,
TRINKBRUNNENOGD.fid-761673fc_19a031f728b_-6e1e,6152760,POINT (16.332472506680872 48.190240959205894),Trinkbrunnen,4,
TRINKBRUNNENOGD.fid-761673fc_19a031f728b_-6e1d,6152761,POINT (16.347968873885673 48.15837140991778),Trinkbrunnen,4,
TRINKBRUNNENOGD.fid-761673fc_19a031f728b_-6e1c,6152762,POINT (16.336618790185383 48.21391655310808),Trinkbrunnen,4,
TRINKBRUNNENOGD.fid-761673fc_19a031f728b_-6e1b,6152763,POINT (16.336384783530626 48.212843419972515),Trinkbrunnen,4,
TRINKBRUNNENOGD.fid-761673fc_19a031f728b_-6e1a,6152764,POINT (16.336611420672064 48.213516903821294),Trinkbrunnen,4,
TRINKBRUNNENOGD.fid-761673fc_19a031f728b_-6e19,6152765,POINT (16.368534623942192 48.232135769416516),Trinkbrunnen,4,
TRINKBRUNNENOGD.fid-761673fc_19a031f728b_-6e18,6152766,POINT (16.36866930340648 48.23169366338824),Trinkbrunnen,4,
TRINKBRUNNENOGD.fid-761673fc_19a031f728b_-6e17,6152767,POINT (16.400896620282616 48.26188728517358),Trinkbrunnen,4,
TRINKBRUNNENOGD.fid-761673fc_19a031f728b_-6e16,6152768,POINT (16.376206889801683 48.176560812884915),Trinkbrunnen,4,
TRINKBRUNNENOGD.fid-761673fc_19a031f728b_-6e15,6152769,POINT (16.376394481963214 48.176953424957546),Trinkbrunnen,4,
TRINKBRUNNENOGD.fid-761673fc_19a031f728b_-6e14,6152770,POINT (16.329871753700903 48.1815028150852),Trinkbrunnen,4,
TRINKBRUNNENOGD.fid-761673fc_19a031f728b_-6e13,6152771,POINT (16.503256145550424 48.225790932051254),Trinkbrunnen,4,
TRINKBRUNNENOGD.fid-761673fc_19a031f728b_-6e12,6152772,POINT (16.501282589805776 48.226429323917245),Trinkbrunnen,4,
TRINKBRUNNENOGD.fid-761673fc_19a031f728b_-6e11,6152773,POINT (16.456452193289845 48.15247900812046),Trinkbrunnen,4,
TRINKBRUNNENOGD.fid-761673fc_19a031f728b_-6e10,6152774,POINT (16.35358916120467 48.2268918418922),Trinkbrunnen,4,
TRINKBRUNNENOGD.fid-761673fc_19a031f728b_-6e0f,6152775,POINT (16.371026355921355 48.22667737193205),Trinkbrunnen,4,
TRINKBRUNNENOGD.fid-761673fc_19a031f728b_-6e0e,6152776,POINT (16.370997706024763 48.22644086239292),Trinkbrunnen,4,
TRINKBRUNNENOGD.fid-761673fc_19a031f728b_-6e0d,6152777,POINT (16.301879202352186 48.18326928308995),Trinkbrunnen,4,
TRINKBRUNNENOGD.fid-761673fc_19a031f728b_-6e0c,6152778,POINT (16.301824493640666 48.18327521581663),Trinkbrunnen,4,
TRINKBRUNNENOGD.fid-761673fc_19a031f728b_-6e0b,6152779,POINT (16.37154221035181 48.229737607093384),Trinkbrunnen,4,
TRINKBRUNNENOGD.fid-761673fc_19a031f728b_-6e0a,6152780,POINT (16.34771115541409 48.212320850328865),Trinkbrunnen,4,
TRINKBRUNNENOGD.fid-761673fc_19a031f728b_-6e09,6152781,POINT (16.360341627193264 48.207296022281525),Trinkbrunnen,4,
TRINKBRUNNENOGD.fid-761673fc_19a031f728b_-6e08,6152782,POINT (16.36237578586582 48.20824325544817),Trinkbrunnen,4,
TRINKBRUNNENOGD.fid-761673fc_19a031f728b_-6e07,6152783,POINT (16.39102713553764 48.20249788597124),Trinkbrunnen,4,
TRINKBRUNNENOGD.fid-761673fc_19a031f728b_-6e06,6152784,POINT (16.360429667589248 48.197249276955326),Trinkbrunnen,4,
TRINKBRUNNENOGD.fid-761673fc_19a031f728b_-6e05,6152785,POINT (16.363524305111127 48.19858317569982),Trinkbrunnen,4,
TRINKBRUNNENOGD.fid-761673fc_19a031f728b_-6e04,6152786,POINT (16.36230350163605 48.197895849889136),Trinkbrunnen,4,
TRINKBRUNNENOGD.fid-761673fc_19a031f728b_-6e03,6152787,POINT (16.364830919954276 48.19926820527756),Trinkbrunnen,4,
TRINKBRUNNENOGD.fid-761673fc_19a031f728b_-6e02,6152788,POINT (16.332807290498888 48.180285839650594),Trinkbrunnen,4,
TRINKBRUNNENOGD.fid-761673fc_19a031f728b_-6e01,6152789,POINT (16.333113745939563 48.18096012971604),Trinkbrunnen,4,
TRINKBRUNNENOGD.fid-761673fc_19a031f728b_-6e00,6152790,POINT (16.32652370185239 48.19103156303732),Trinkbrunnen,4,
TRINKBRUNNENOGD.fid-761673fc_19a031f728b_-6dff,6152791,POINT (16.335913607492888 48.210502677858486),Trinkbrunnen,4,
TRINKBRUNNENOGD.fid-761673fc_19a031f728b_-6dfe,6152792,POINT (16.341632630026552 48.24262749679165),Trinkbrunnen,4,
TRINKBRUNNENOGD.fid-761673fc_19a031f728b_-6dfd,6152793,POINT (16.4575212105008 48.230688617453644),Auslaufbrunnen,7,
TRINKBRUNNENOGD.fid-761673fc_19a031f728b_-6dfc,6152794,POINT (16.344881115946954 48.18958281494025),Trinkhydrant,10,
TRINKBRUNNENOGD.fid-761673fc_19a031f728b_-6dfb,6152795,POINT (16.311855332720082 48.21836536013689),Auslaufbrunnen,7,
TRINKBRUNNENOGD.fid-761673fc_19a031f728b_-6dfa,6152796,POINT (16.339081470666198 48.2177329693666),Auslaufbrunnen,7,
TRINKBRUNNENOGD.fid-761673fc_19a031f728b_-6df9,6152797,POINT (16.347614748839412 48.20541552387456),Trinkhydrant,10,
TRINKBRUNNENOGD.fid-761673fc_19a031f728b_-6df8,6152218,POINT (16.337252665096297 48.20520491297624),Auslaufbrunnen,7,
TRINKBRUNNENOGD.fid-761673fc_19a031f728b_-6df7,6152219,POINT (16.253667017462337 48.14507919828297),Auslaufbrunnen,7,
TRINKBRUNNENOGD.fid-761673fc_19a031f728b_-6df6,6152220,POINT (16.372442918438438 48.210975025936676),Auslaufbrunnen,7,
TRINKBRUNNENOGD.fid-761673fc_19a031f728b_-6df5,6152221,POINT (16.342440849717747 48.211926687593284),Auslaufbrunnen,7,
TRINKBRUNNENOGD.fid-761673fc_19a031f728b_-6df4,6152222,POINT (16.465803417569823 48.2107640663551),Auslaufbrunnen,7,
TRINKBRUNNENOGD.fid-761673fc_19a031f728b_-6df3,6152223,POINT (16.40078113277723 48.21295337613873),Auslaufbrunnen,7,
TRINKBRUNNENOGD.fid-761673fc_19a031f728b_-6df2,6152224,POINT (16.455652789799363 48.21062054725473),Auslaufbrunnen,7,
TRINKBRUNNENOGD.fid-761673fc_19a031f728b_-6df1,6152225,POINT (16.473839373426763 48.211376955485036),Auslaufbrunnen,7,
TRINKBRUNNENOGD.fid-761673fc_19a031f728b_-6df0,6152226,POINT (16.420343160418103 48.21505225507248),Auslaufbrunnen,7,
TRINKBRUNNENOGD.fid-761673fc_19a031f728b_-6def,6152227,POINT (16.33555603247488 48.20407716741104),Auslaufbrunnen,7,
TRINKBRUNNENOGD.fid-761673fc_19a031f728b_-6dee,6152228,POINT (16.318394557910054 48.19929722966963),Auslaufbrunnen,7,
TRINKBRUNNENOGD.fid-761673fc_19a031f728b_-6ded,6152229,POINT (16.376669721703177 48.211706345369045),Auslaufbrunnen,7,
TRINKBRUNNENOGD.fid-761673fc_19a031f728b_-6dec,6152230,POINT (16.405248174867356 48.23679348017964),Trinkhydrant,10,
TRINKBRUNNENOGD.fid-761673fc_19a031f728b_-6deb,6152231,POINT (16.403988434555416 48.22724513299612),Auslaufbrunnen,7,
TRINKBRUNNENOGD.fid-761673fc_19a031f728b_-6dea,6152232,POINT (16.409796902142904 48.25613203023563),Trinkhydrant,10,
TRINKBRUNNENOGD.fid-761673fc_19a031f728b_-6de9,6152233,POINT (16.325389392344334 48.19478000144332),Trinkhydrant,10,
TRINKBRUNNENOGD.fid-761673fc_19a031f728b_-6de8,6152234,POINT (16.451858394955252 48.221220466960695),Auslaufbrunnen,7,
TRINKBRUNNENOGD.fid-761673fc_19a031f728b_-6de7,6152235,POINT (16.492440506109876 48.21740552610597),Auslaufbrunnen,7,
TRINKBRUNNENOGD.fid-761673fc_19a031f728b_-6de6,6152236,POINT (16.291453591430436 48.23321627119077),Auslaufbrunnen,7,
TRINKBRUNNENOGD.fid-761673fc_19a031f728b_-6de5,6152237,POINT (16.29887355292374 48.23099321005778),Auslaufbrunnen,7,
TRINKBRUNNENOGD.fid-761673fc_19a031f728b_-6de4,6152238,POINT (16.440399308475776 48.22710543412598),Auslaufbrunnen,7,
TRINKBRUNNENOGD.fid-761673fc_19a031f728b_-6de3,6152239,POINT (16.45066021450357 48.19427572994104),Auslaufbrunnen,7,
TRINKBRUNNENOGD.fid-761673fc_19a031f728b_-6de2,6152240,POINT (16.377593450972523 48.23978993691532),Auslaufbrunnen,7,
TRINKBRUNNENOGD.fid-761673fc_19a031f728b_-6de1,6152241,POINT (16.366641027876263 48.27816835600742),Auslaufbrunnen,7,
TRINKBRUNNENOGD.fid-761673fc_19a031f728b_-6de0,6152242,POINT (16.40460219262116 48.23685549690866),Auslaufbrunnen,7,
TRINKBRUNNENOGD.fid-761673fc_19a031f728b_-6ddf,6152243,POINT (16.330554131521726 48.21411341874925),Auslaufbrunnen,7,
TRINKBRUNNENOGD.fid-761673fc_19a031f728b_-6dde,6152244,POINT (16.337566719875 48.21500966897487),Auslaufbrunnen,7,
TRINKBRUNNENOGD.fid-761673fc_19a031f728b_-6ddd,6152245,POINT (16.44550044832316 48.2024149096396),Trinkhydrant,10,
TRINKBRUNNENOGD.fid-761673fc_19a031f728b_-6ddc,6152246,POINT (16.442380785341324 48.205896235677535),Trinkhydrant,10,
TRINKBRUNNENOGD.fid-761673fc_19a031f728b_-6ddb,6152247,POINT (16.45837048962466 48.19570027617679),Trinkhydrant,10,
TRINKBRUNNENOGD.fid-761673fc_19a031f728b_-6dda,6152248,POINT (16.39617636090419 48.25576785709215),Trinkhydrant,10,
TRINKBRUNNENOGD.fid-761673fc_19a031f728b_-6dd9,6152249,POINT (16.48635884692288 48.2513194180564),Auslaufbrunnen,7,
TRINKBRUNNENOGD.fid-761673fc_19a031f728b_-6dd8,6152250,POINT (16.48527713911437 48.220873376305335),Auslaufbrunnen,7,
TRINKBRUNNENOGD.fid-761673fc_19a031f728b_-6dd7,6152251,POINT (16.46199846912815 48.25998280022229),Auslaufbrunnen,7,
TRINKBRUNNENOGD.fid-761673fc_19a031f728b_-6dd6,6152252,POINT (16.387445458285445 48.21949441330416),Auslaufbrunnen,7,
TRINKBRUNNENOGD.fid-761673fc_19a031f728b_-6dd5,6152253,POINT (16.50443014486383 48.23843099079142),Auslaufbrunnen,7,
TRINKBRUNNENOGD.fid-761673fc_19a031f728b_-6dd4,6152254,POINT (16.456925330817977 48.215854902716046),Auslaufbrunnen,7,
TRINKBRUNNENOGD.fid-761673fc_19a031f728b_-6dd3,6152255,POINT (16.36817134248187 48.21454575673454),Auslaufbrunnen,7,
TRINKBRUNNENOGD.fid-761673fc_19a031f728b_-6dd2,6152256,POINT (16.4300793864582 48.208007894257705),Auslaufbrunnen,7,
TRINKBRUNNENOGD.fid-761673fc_19a031f728b_-6dd1,6152257,POINT (16.248172919887875 48.210013076105795),Auslaufbrunnen,7,
TRINKBRUNNENOGD.fid-761673fc_19a031f728b_-6dd0,6152258,POINT (16.371075783258572 48.2327559477332),Auslaufbrunnen,7,
TRINKBRUNNENOGD.fid-761673fc_19a031f728b_-6dcf,6152259,POINT (16.336081691317418 48.194539088803594),Trinkhydrant,10,
TRINKBRUNNENOGD.fid-761673fc_19a031f728b_-6dce,6152260,POINT (16.489669569756636 48.22649423332274),Auslaufbrunnen,7,
TRINKBRUNNENOGD.fid-761673fc_19a031f728b_-6dcd,6152261,POINT (16.32104558660015 48.224378603787336),Auslaufbrunnen,7,
TRINKBRUNNENOGD.fid-761673fc_19a031f728b_-6dcc,6152262,POINT (16.497447541821884 48.251103433499125),Auslaufbrunnen,7,
TRINKBRUNNENOGD.fid-761673fc_19a031f728b_-6dcb,6152263,POINT (16.458952887254114 48.216392257242845),Auslaufbrunnen,7,
TRINKBRUNNENOGD.fid-761673fc_19a031f728b_-6dca,6152264,POINT (16.457820994798787 48.21829795237386),Auslaufbrunnen,7,
TRINKBRUNNENOGD.fid-761673fc_19a031f728b_-6dc9,6152265,POINT (16.42646284233003 48.221403170837675),Auslaufbrunnen,7,
TRINKBRUNNENOGD.fid-761673fc_19a031f728b_-6dc8,6152266,POINT (16.445733386284985 48.21795802669484),Auslaufbrunnen,7,
TRINKBRUNNENOGD.fid-761673fc_19a031f728b_-6dc7,6152267,POINT (16.342375779514583 48.21084346289978),Trinkhydrant,10,
TRINKBRUNNENOGD.fid-761673fc_19a031f728b_-6dc6,6152268,POINT (16.450817345874608 48.25690012487566),Auslaufbrunnen,7,
TRINKBRUNNENOGD.fid-761673fc_19a031f728b_-6dc5,6152269,POINT (16.330460313755133 48.20083014052969),Trinkhydrant,10,
TRINKBRUNNENOGD.fid-761673fc_19a031f728b_-6dc4,6152270,POINT (16.378946971125888 48.21264826138578),Trinkhydrant,10,
TRINKBRUNNENOGD.fid-761673fc_19a031f728b_-6dc3,6152271,POINT (16.41381158574137 48.17687664750177),Trinkhydrant,10,
TRINKBRUNNENOGD.fid-761673fc_19a031f728b_-6dc2,6152272,POINT (16.319146337246817 48.19298410738605),Trinkhydrant,10,
TRINKBRUNNENOGD.fid-761673fc_19a031f728b_-6dc1,6152273,POINT (16.322330902708376 48.26308950803217),Trinkhydrant,10,
TRINKBRUNNENOGD.fid-761673fc_19a031f728b_-6dc0,6152274,POINT (16.34952748874009 48.19535241254722),Trinkhydrant,10,
TRINKBRUNNENOGD.fid-761673fc_19a031f728b_-6dbf,6152275,POINT (16.390667632855934 48.18956200801703),Trinkhydrant,10,
TRINKBRUNNENOGD.fid-761673fc_19a031f728b_-6dbe,6152276,POINT (16.373936436437926 48.20241255701078),Trinkhydrant,10,
TRINKBRUNNENOGD.fid-761673fc_19a031f728b_-6dbd,6152277,POINT (16.401842729519093 48.1943973177725),Trinkhydrant,10,
TRINKBRUNNENOGD.fid-761673fc_19a031f728b_-6dbc,6152278,POINT (16.311854067151163 48.211261942727084),Trinkhydrant,10,
TRINKBRUNNENOGD.fid-761673fc_19a031f728b_-6dbb,6152279,POINT (16.32533530338467 48.2105224040975),Trinkhydrant,10,
TRINKBRUNNENOGD.fid-761673fc_19a031f728b_-6dba,6152280,POINT (16.324458512574456 48.23817019937361),Trinkhydrant,10,
TRINKBRUNNENOGD.fid-761673fc_19a031f728b_-6db9,6152281,POINT (16.328857509050493 48.21253020026139),Auslaufbrunnen,7,
TRINKBRUNNENOGD.fid-761673fc_19a031f728b_-6db8,6152282,POINT (16.33386976471813 48.198516092378554),Trinkhydrant,10,
TRINKBRUNNENOGD.fid-761673fc_19a031f728b_-6db7,6152283,POINT (16.35029455921416 48.18434589800629),Trinkhydrant,10,
TRINKBRUNNENOGD.fid-761673fc_19a031f728b_-6db6,6152284,POINT (16.39180853272883 48.201705123020936),Trinkhydrant,10,
TRINKBRUNNENOGD.fid-761673fc_19a031f728b_-6db5,6152285,POINT (16.375716928993086 48.20864383948135),Trinkhydrant,10,
TRINKBRUNNENOGD.fid-761673fc_19a031f728b_-6db4,6152286,POINT (16.334876848177686 48.19382342674079),Trinkhydrant,10,
TRINKBRUNNENOGD.fid-761673fc_19a031f728b_-6db3,6152287,POINT (16.388835526828533 48.22781681466948),Trinkhydrant,10,
TRINKBRUNNENOGD.fid-761673fc_19a031f728b_-6db2,6152288,POINT (16.387561619379316 48.207195397393896),Trinkhydrant,10,
TRINKBRUNNENOGD.fid-761673fc_19a031f728b_-6db1,6152289,POINT (16.323778887549388 48.19550361566744),Trinkhydrant,10,
TRINKBRUNNENOGD.fid-761673fc_19a031f728b_-6db0,6152290,POINT (16.371161256785133 48.22873425409125),Trinkhydrant,10,
TRINKBRUNNENOGD.fid-761673fc_19a031f728b_-6daf,6152291,POINT (16.34204031968809 48.23891005130354),Trinkhydrant,10,
TRINKBRUNNENOGD.fid-761673fc_19a031f728b_-6dae,6152292,POINT (16.40147580229683 48.186048284823364),Trinkhydrant,10,
TRINKBRUNNENOGD.fid-761673fc_19a031f728b_-6dad,6152293,POINT (16.32870464999103 48.23156479015523),Auslaufbrunnen,7,
TRINKBRUNNENOGD.fid-761673fc_19a031f728b_-6dac,6152294,POINT (16.310245826092054 48.198330880404995),Trinkhydrant,10,
TRINKBRUNNENOGD.fid-761673fc_19a031f728b_-6dab,6152295,POINT (16.344526065780926 48.14398632606353),Trinkhydrant,10,
TRINKBRUNNENOGD.fid-761673fc_19a031f728b_-6daa,6152296,POINT (16.385030755724344 48.198291316665504),Trinkhydrant,10,
TRINKBRUNNENOGD.fid-761673fc_19a031f728b_-6da9,6152297,POINT (16.393890052427334 48.19973500998221),Trinkhydrant,10,
TRINKBRUNNENOGD.fid-761673fc_19a031f728b_-6da8,6152298,POINT (16.397368215096773 48.25708067101705),Trinkhydrant,10,
TRINKBRUNNENOGD.fid-761673fc_19a031f728b_-6da7,6152299,POINT (16.458391357165613 48.213025135421105),Trinkhydrant,10,
TRINKBRUNNENOGD.fid-761673fc_19a031f728b_-6da6,6152300,POINT (16.332859096378392 48.20950165404715),Trinkhydrant,10,
TRINKBRUNNENOGD.fid-761673fc_19a031f728b_-6da5,6152301,POINT (16.383971886656195 48.2061240341464),Auslaufbrunnen,7,
TRINKBRUNNENOGD.fid-761673fc_19a031f728b_-6da4,6152302,POINT (16.418824979521354 48.2532494338218),Trinkhydrant,10,
TRINKBRUNNENOGD.fid-761673fc_19a031f728b_-6da3,6152303,POINT (16.312373333130562 48.212625908121815),Trinkhydrant,10,
TRINKBRUNNENOGD.fid-761673fc_19a031f728b_-6da2,6152304,POINT (16.373604648594558 48.20971085439788),Trinkhydrant,10,
TRINKBRUNNENOGD.fid-761673fc_19a031f728b_-6da1,6152305,POINT (16.510448382133298 48.207203928421876),Trinkhydrant,10,
TRINKBRUNNENOGD.fid-761673fc_19a031f728b_-6da0,6152306,POINT (16.310016342482744 48.2018041229907),Trinkhydrant,10,
TRINKBRUNNENOGD.fid-761673fc_19a031f728b_-6d9f,6152307,POINT (16.359366026366345 48.218516568399636),Auslaufbrunnen,7,
TRINKBRUNNENOGD.fid-761673fc_19a031f728b_-6d9e,6152308,POINT (16.32347285257757 48.18871342134565),Trinkhydrant,10,
TRINKBRUNNENOGD.fid-761673fc_19a031f728b_-6d9d,6152309,POINT (16.329623236677072 48.18475385376158),Trinkhydrant,10,
TRINKBRUNNENOGD.fid-761673fc_19a031f728b_-6d9c,6152310,POINT (16.359554987263234 48.218539733422475),Auslaufbrunnen,7,
TRINKBRUNNENOGD.fid-761673fc_19a031f728b_-6d9b,6152311,POINT (16.332268458236406 48.19952416881114),Trinkhydrant,10,
TRINKBRUNNENOGD.fid-761673fc_19a031f728b_-6d9a,6152312,POINT (16.340838242423846 48.21749971705444),Trinkhydrant,10,
TRINKBRUNNENOGD.fid-761673fc_19a031f728b_-6d99,6152313,POINT (16.3299813541422 48.19743055644107),Trinkhydrant,10,
TRINKBRUNNENOGD.fid-761673fc_19a031f728b_-6d98,6152314,POINT (16.386990831697148 48.18973681348049),Trinkhydrant,10,
TRINKBRUNNENOGD.fid-761673fc_19a031f728b_-6d97,6152315,POINT (16.475609223728934 48.19453430690897),Trinkhydrant,10,
TRINKBRUNNENOGD.fid-761673fc_19a031f728b_-6d96,6152316,POINT (16.439755999056473 48.237831356961564),Trinkhydrant,10,
TRINKBRUNNENOGD.fid-761673fc_19a031f728b_-6d95,6152317,POINT (16.31526902909133 48.19477411365487),Trinkhydrant,10,
TRINKBRUNNENOGD.fid-761673fc_19a031f728b_-6d94,6152318,POINT (16.394296617639245 48.22035898730595),Trinkhydrant,10,
TRINKBRUNNENOGD.fid-761673fc_19a031f728b_-6d93,6152319,POINT (16.46609566678632 48.158002161813755),Trinkhydrant,10,
TRINKBRUNNENOGD.fid-761673fc_19a031f728b_-6d92,6152320,POINT (16.423097151735732 48.31700939825892),Auslaufbrunnen,7,
TRINKBRUNNENOGD.fid-761673fc_19a031f728b_-6d91,6152321,POINT (16.3560596136526 48.203315370179695),Trinkhydrant,10,
TRINKBRUNNENOGD.fid-761673fc_19a031f728b_-6d90,6152322,POINT (16.32999100079439 48.19126936885961),Auslaufbrunnen,7,
TRINKBRUNNENOGD.fid-761673fc_19a031f728b_-6d8f,6152323,POINT (16.431481175640954 48.249016360698775),Trinkhydrant,10,
TRINKBRUNNENOGD.fid-761673fc_19a031f728b_-6d8e,6152324,POINT (16.329823001976983 48.22975520694257),Trinkhydrant,10,
TRINKBRUNNENOGD.fid-761673fc_19a031f728b_-6d8d,6152325,POINT (16.373371150338897 48.19445737043932),Trinkhydrant,10,
TRINKBRUNNENOGD.fid-761673fc_19a031f728b_-6d8c,6152326,POINT (16.31975321691653 48.202540699018236),Trinkhydrant,10,
TRINKBRUNNENOGD.fid-761673fc_19a031f728b_-6d8b,6152327,POINT (16.378955504627758 48.20943199561037),Trinkhydrant,10,
TRINKBRUNNENOGD.fid-761673fc_19a031f728b_-6d8a,6152328,POINT (16.34341602932763 48.2167078954093),Auslaufbrunnen,7,
TRINKBRUNNENOGD.fid-761673fc_19a031f728b_-6d89,6152329,POINT (16.36962815628203 48.2290243581506),Trinkhydrant,10,
TRINKBRUNNENOGD.fid-761673fc_19a031f728b_-6d88,6152330,POINT (16.3267575040326 48.17071144137964),Trinkhydrant,10,
TRINKBRUNNENOGD.fid-761673fc_19a031f728b_-6d87,6152331,POINT (16.316785779090978 48.254426776649034),Trinkhydrant,10,
TRINKBRUNNENOGD.fid-761673fc_19a031f728b_-6d86,6152332,POINT (16.385502248453626 48.2055771603162),Trinkhydrant,10,
TRINKBRUNNENOGD.fid-761673fc_19a031f728b_-6d85,6152333,POINT (16.331443272373974 48.222997716714715),Auslaufbrunnen,7,
TRINKBRUNNENOGD.fid-761673fc_19a031f728b_-6d84,6152334,POINT (16.36576525126966 48.20820315297685),Trinkhydrant,10,
TRINKBRUNNENOGD.fid-761673fc_19a031f728b_-6d83,6152335,POINT (16.399994342342822 48.199550931708),Trinkhydrant,10,
TRINKBRUNNENOGD.fid-761673fc_19a031f728b_-6d82,6152336,POINT (16.461614298713627 48.192188444774764),Trinkhydrant,10,
TRINKBRUNNENOGD.fid-761673fc_19a031f728b_-6d81,6152337,POINT (16.32846415162334 48.15682306856325),Trinkhydrant,10,
TRINKBRUNNENOGD.fid-761673fc_19a031f728b_-6d80,6152338,POINT (16.341462688882746 48.19237899418348),Trinkhydrant,10,
TRINKBRUNNENOGD.fid-761673fc_19a031f728b_-6d7f,6152339,POINT (16.459622459402187 48.20871428326832),Trinkhydrant,10,
TRINKBRUNNENOGD.fid-761673fc_19a031f728b_-6d7e,6152340,POINT (16.362360128294156 48.18305957621259),Trinkhydrant,10,
TRINKBRUNNENOGD.fid-761673fc_19a031f728b_-6d7d,6152341,POINT (16.387718150391724 48.1917113166654),Trinkhydrant,10,
TRINKBRUNNENOGD.fid-761673fc_19a031f728b_-6d7c,6152342,POINT (16.387792745708065 48.20557376798911),Trinkhydrant,10,
TRINKBRUNNENOGD.fid-761673fc_19a031f728b_-6d7b,6152343,POINT (16.35242103281979 48.182885505985126),Trinkhydrant,10,
TRINKBRUNNENOGD.fid-761673fc_19a031f728b_-6d7a,6152344,POINT (16.459285347145574 48.22569914317253),Trinkhydrant,10,
TRINKBRUNNENOGD.fid-761673fc_19a031f728b_-6d79,6152345,POINT (16.31204220006062 48.218515851248256),Trinkhydrant,10,
TRINKBRUNNENOGD.fid-761673fc_19a031f728b_-6d78,6152346,POINT (16.463429610729797 48.1634925948402),Trinkhydrant,10,
TRINKBRUNNENOGD.fid-761673fc_19a031f728b_-6d77,6152347,POINT (16.330418063071047 48.20841810061537),Trinkhydrant,10,
TRINKBRUNNENOGD.fid-761673fc_19a031f728b_-6d76,6152348,POINT (16.286901310282538 48.235501713218554),Auslaufbrunnen,7,
TRINKBRUNNENOGD.fid-761673fc_19a031f728b_-6d75,6152349,POINT (16.386827026685975 48.14964268218215),Trinkhydrant,10,
TRINKBRUNNENOGD.fid-761673fc_19a031f728b_-6d74,6152350,POINT (16.348579936898055 48.19211248753312),Trinkhydrant,10,
TRINKBRUNNENOGD.fid-761673fc_19a031f728b_-6d73,6152351,POINT (16.37603914541454 48.211567096508055),Trinkhydrant,10,
TRINKBRUNNENOGD.fid-761673fc_19a031f728b_-6d72,6152352,POINT (16.335571852856756 48.2090853132518),Trinkhydrant,10,
TRINKBRUNNENOGD.fid-761673fc_19a031f728b_-6d71,6152353,POINT (16.29891924984193 48.185415512306996),Trinkhydrant,10,
TRINKBRUNNENOGD.fid-761673fc_19a031f728b_-6d70,6152354,POINT (16.370763327388158 48.2280190663313),Trinkhydrant,10,
TRINKBRUNNENOGD.fid-761673fc_19a031f728b_-6d6f,6152355,POINT (16.504998661470754 48.23387211064603),Trinkhydrant,10,
TRINKBRUNNENOGD.fid-761673fc_19a031f728b_-6d6e,6152356,POINT (16.402290817303534 48.3086593603563),Auslaufbrunnen,7,
TRINKBRUNNENOGD.fid-761673fc_19a031f728b_-6d6d,6152357,POINT (16.398035317420206 48.25807384745475),Trinkhydrant,10,
TRINKBRUNNENOGD.fid-761673fc_19a031f728b_-6d6c,6152358,POINT (16.392851955983645 48.2191546640674),Trinkhydrant,10,
TRINKBRUNNENOGD.fid-761673fc_19a031f728b_-6d6b,6152359,POINT (16.418675263689398 48.300018047062004),Trinkhydrant,10,
TRINKBRUNNENOGD.fid-761673fc_19a031f728b_-6d6a,6152360,POINT (16.29948257238846 48.19250264270882),Trinkhydrant,10,
TRINKBRUNNENOGD.fid-761673fc_19a031f728b_-6d69,6152361,POINT (16.326892259428462 48.18283367796606),Trinkhydrant,10,
TRINKBRUNNENOGD.fid-761673fc_19a031f728b_-6d68,6152362,POINT (16.32378858151162 48.19879741599025),Trinkhydrant,10,
TRINKBRUNNENOGD.fid-761673fc_19a031f728b_-6d67,6152363,POINT (16.476990205197264 48.21755893888099),Trinkhydrant,10,
TRINKBRUNNENOGD.fid-761673fc_19a031f728b_-6d66,6152364,POINT (16.413650406487967 48.17575326296918),Trinkhydrant,10,
TRINKBRUNNENOGD.fid-761673fc_19a031f728b_-6d65,6152365,POINT (16.46227424332928 48.262273287017905),Auslaufbrunnen,7,
TRINKBRUNNENOGD.fid-761673fc_19a031f728b_-6d64,6152366,POINT (16.365413592563275 48.198631635917245),Trinkhydrant,10,
TRINKBRUNNENOGD.fid-761673fc_19a031f728b_-6d63,6152367,POINT (16.311343530638137 48.2103845716422),Trinkhydrant,10,
TRINKBRUNNENOGD.fid-761673fc_19a031f728b_-6d62,6152368,POINT (16.307801991295594 48.189506620111906),Trinkhydrant,10,
TRINKBRUNNENOGD.fid-761673fc_19a031f728b_-6d61,6152369,POINT (16.289612654363207 48.1727736233374),Trinkhydrant,10,
TRINKBRUNNENOGD.fid-761673fc_19a031f728b_-6d60,6152370,POINT (16.315980275788107 48.214146098984195),Trinkhydrant,10,
TRINKBRUNNENOGD.fid-761673fc_19a031f728b_-6d5f,6152371,POINT (16.408522937727973 48.25251723407059),Trinkhydrant,10,
TRINKBRUNNENOGD.fid-761673fc_19a031f728b_-6d5e,6152372,POINT (16.406271966125907 48.25341407713509),Trinkhydrant,10,
TRINKBRUNNENOGD.fid-761673fc_19a031f728b_-6d5d,6152373,POINT (16.392417775618057 48.179445908176525),Trinkhydrant,10,
TRINKBRUNNENOGD.fid-761673fc_19a031f728b_-6d5c,6152374,POINT (16.324844100152287 48.23322790262874),Trinkhydrant,10,
TRINKBRUNNENOGD.fid-761673fc_19a031f728b_-6d5b,6152375,POINT (16.39804711955202 48.225039323581136),Trinkhydrant,10,
TRINKBRUNNENOGD.fid-761673fc_19a031f728b_-6d5a,6152376,POINT (16.39116362728459 48.178747861837905),Trinkhydrant,10,
TRINKBRUNNENOGD.fid-761673fc_19a031f728b_-6d59,6152377,POINT (16.409709111055115 48.19676808981598),Auslaufbrunnen,7,
TRINKBRUNNENOGD.fid-761673fc_19a031f728b_-6d58,6152378,POINT (16.39917220643435 48.19439980243545),Auslaufbrunnen,7,
TRINKBRUNNENOGD.fid-761673fc_19a031f728b_-6d57,6152379,POINT (16.32977063447994 48.18066438204945),Auslaufbrunnen,7,
TRINKBRUNNENOGD.fid-761673fc_19a031f728b_-6d56,6152380,POINT (16.434175658814954 48.24331076846786),Auslaufbrunnen,7,
TRINKBRUNNENOGD.fid-761673fc_19a031f728b_-6d55,6152381,POINT (16.32967123457983 48.20249603724702),Trinkhydrant,10,
TRINKBRUNNENOGD.fid-761673fc_19a031f728b_-6d54,6152382,POINT (16.3861448745846 48.199034613910364),Trinkhydrant,10,
TRINKBRUNNENOGD.fid-761673fc_19a031f728b_-6d53,6152383,POINT (16.330045012367773 48.17797862655185),Auslaufbrunnen,7,
TRINKBRUNNENOGD.fid-761673fc_19a031f728b_-6d52,6152384,POINT (16.354188326935684 48.22610541888557),Trinkhydrant,10,
TRINKBRUNNENOGD.fid-761673fc_19a031f728b_-6d51,6152385,POINT (16.32317480365391 48.1817703875677),Trinkhydrant,10,
TRINKBRUNNENOGD.fid-761673fc_19a031f728b_-6d50,6152386,POINT (16.40278454523992 48.25572685627507),Auslaufbrunnen,7,
TRINKBRUNNENOGD.fid-761673fc_19a031f728b_-6d4f,6152387,POINT (16.351286240220098 48.19533325260496),Trinkhydrant mit Tränke,18,
TRINKBRUNNENOGD.fid-761673fc_19a031f728b_-6d4e,6152388,POINT (16.306025187877474 48.19567948244095),Trinkhydrant mit Tränke,18,
TRINKBRUNNENOGD.fid-761673fc_19a031f728b_-6d4d,6152389,POINT (16.400700314212553 48.25963852835539),Trinkhydrant mit Tränke,18,
TRINKBRUNNENOGD.fid-761673fc_19a031f728b_-6d4c,6152390,POINT (16.322370366408492 48.2210417775724),Trinkhydrant mit Tränke,18,
TRINKBRUNNENOGD.fid-761673fc_19a031f728b_-6d4b,6152391,POINT (16.399556241717786 48.19760907244538),Trinkhydrant mit Tränke,18,
TRINKBRUNNENOGD.fid-761673fc_19a031f728b_-6d4a,6152392,POINT (16.361819103658163 48.2241379337389),Trinkhydrant mit Tränke,18,
TRINKBRUNNENOGD.fid-761673fc_19a031f728b_-6d49,6152393,POINT (16.38053543753122 48.168213947590495),Auslaufbrunnen mit Tränke,17,
TRINKBRUNNENOGD.fid-761673fc_19a031f728b_-6d48,6152394,POINT (16.337457143430676 48.221428630074435),Trinkhydrant mit Tränke,18,
TRINKBRUNNENOGD.fid-761673fc_19a031f728b_-6d47,6152395,POINT (16.383468234999384 48.149550258426885),Auslaufbrunnen mit Tränke,17,
TRINKBRUNNENOGD.fid-761673fc_19a031f728b_-6d46,6152396,POINT (16.297484198509114 48.25383978333557),Trinkhydrant mit Tränke,18,
TRINKBRUNNENOGD.fid-761673fc_19a031f728b_-6d45,6152397,POINT (16.285132173665694 48.21438530602299),Trinkhydrant mit Tränke,18,
TRINKBRUNNENOGD.fid-761673fc_19a031f728b_-6d44,6152398,POINT (16.39127418872048 48.19326755681337),Trinkhydrant mit Tränke,18,
TRINKBRUNNENOGD.fid-761673fc_19a031f728b_-6d43,6152399,POINT (16.356500752657222 48.1884628322407),Trinkhydrant mit Tränke,18,
TRINKBRUNNENOGD.fid-761673fc_19a031f728b_-6d42,6152400,POINT (16.39013694237807 48.23236803262438),Trinkhydrant mit Tränke,18,
TRINKBRUNNENOGD.fid-761673fc_19a031f728b_-6d41,6152401,POINT (16.330381070284528 48.18936499590523),Trinkhydrant mit Tränke,18,
TRINKBRUNNENOGD.fid-761673fc_19a031f728b_-6d40,6152402,POINT (16.21931304017796 48.2043452620614),Trinkhydrant mit Tränke,18,
TRINKBRUNNENOGD.fid-761673fc_19a031f728b_-6d3f,6152403,POINT (16.372897908980264 48.234246273436696),Trinkhydrant mit Tränke,18,
TRINKBRUNNENOGD.fid-761673fc_19a031f728b_-6d3e,6152404,POINT (16.317883540610712 48.22006664439985),Trinkhydrant mit Tränke,18,
TRINKBRUNNENOGD.fid-761673fc_19a031f728b_-6d3d,6152405,POINT (16.290649236347015 48.223107161613825),Trinkhydrant mit Tränke,18,
TRINKBRUNNENOGD.fid-761673fc_19a031f728b_-6d3c,6152406,POINT (16.367616878379387 48.25951208849974),Trinkhydrant mit Tränke,18,
TRINKBRUNNENOGD.fid-761673fc_19a031f728b_-6d3b,6152407,POINT (16.35844166570324 48.20066333188097),Trinkhydrant mit Tränke,18,
TRINKBRUNNENOGD.fid-761673fc_19a031f728b_-6d3a,6152408,POINT (16.33852625234655 48.209594125959875),Trinkhydrant mit Tränke,18,
TRINKBRUNNENOGD.fid-761673fc_19a031f728b_-6d39,6152409,POINT (16.31528814066211 48.21205541342902),Trinkhydrant mit Tränke,18,
TRINKBRUNNENOGD.fid-761673fc_19a031f728b_-6d38,6152410,POINT (16.380418701691916 48.21254375943065),Trinkhydrant mit Tränke,18,
TRINKBRUNNENOGD.fid-761673fc_19a031f728b_-6d37,6152411,POINT (16.311702141698845 48.19147910485039),Trinkhydrant mit Tränke,18,
TRINKBRUNNENOGD.fid-761673fc_19a031f728b_-6d36,6152412,POINT (16.3933812331513 48.224345572971075),Trinkhydrant mit Tränke,18,
TRINKBRUNNENOGD.fid-761673fc_19a031f728b_-6d35,6152413,POINT (16.39269168480412 48.22632298687146),Trinkhydrant mit Tränke,18,
TRINKBRUNNENOGD.fid-761673fc_19a031f728b_-6d34,6152414,POINT (16.39214997962433 48.2282421200954),Trinkhydrant mit Tränke,18,
TRINKBRUNNENOGD.fid-761673fc_19a031f728b_-6d33,6152415,POINT (16.285884916199795 48.133857317155936),Auslaufbrunnen mit Tränke,17,
TRINKBRUNNENOGD.fid-761673fc_19a031f728b_-6d32,6152416,POINT (16.377092329172715 48.2376679284508),Trinkhydrant mit Tränke,18,
TRINKBRUNNENOGD.fid-761673fc_19a031f728b_-6d31,6152417,POINT (16.40376045529525 48.19841555392456),Trinkhydrant mit Tränke,18,
TRINKBRUNNENOGD.fid-761673fc_19a031f728b_-6d30,6152418,POINT (16.31352583448173 48.19418344971547),Trinkhydrant mit Tränke,18,
TRINKBRUNNENOGD.fid-761673fc_19a031f728b_-6d2f,6152419,POINT (16.302993007022774 48.22944089916721),Trinkhydrant mit Tränke,18,
TRINKBRUNNENOGD.fid-761673fc_19a031f728b_-6d2e,6152420,POINT (16.41182698395666 48.21812168651201),Trinkhydrant mit Tränke,18,
TRINKBRUNNENOGD.fid-761673fc_19a031f728b_-6d2d,6152421,POINT (16.381620664917254 48.18277244273217),Auslaufbrunnen mit Tränke,17,
TRINKBRUNNENOGD.fid-761673fc_19a031f728b_-6d2c,6152422,POINT (16.427820990127866 48.22165551604763),Trinkhydrant mit Tränke,18,
TRINKBRUNNENOGD.fid-761673fc_19a031f728b_-6d2b,6152423,POINT (16.30720365491476 48.1992103275644),Trinkhydrant mit Tränke,18,
TRINKBRUNNENOGD.fid-761673fc_19a031f728b_-6d2a,6152424,POINT (16.315703683292334 48.21331183988008),Trinkhydrant mit Tränke,18,
TRINKBRUNNENOGD.fid-761673fc_19a031f728b_-6d29,6152425,POINT (16.32543223602375 48.197675108888696),Trinkhydrant mit Tränke,18,
TRINKBRUNNENOGD.fid-761673fc_19a031f728b_-6d28,6152426,POINT (16.313844004480604 48.21228078228549),Trinkhydrant mit Tränke,18,
TRINKBRUNNENOGD.fid-761673fc_19a031f728b_-6d27,6152427,POINT (16.368460162592616 48.19256961516993),Trinkhydrant mit Tränke,18,
TRINKBRUNNENOGD.fid-761673fc_19a031f728b_-6d26,6152428,POINT (16.34490958956262 48.19921976996138),Trinkhydrant mit Tränke,18,
TRINKBRUNNENOGD.fid-761673fc_19a031f728b_-6d25,6152429,POINT (16.399843253762512 48.27820000707811),Auslaufbrunnen mit Tränke,17,
TRINKBRUNNENOGD.fid-761673fc_19a031f728b_-6d24,6152430,POINT (16.414147006419544 48.225037806419266),Auslaufbrunnen mit Tränke,17,
TRINKBRUNNENOGD.fid-761673fc_19a031f728b_-6d23,6152431,POINT (16.333354183732595 48.21435322911183),Auslaufbrunnen mit Tränke,17,
TRINKBRUNNENOGD.fid-761673fc_19a031f728b_-6d22,6152432,POINT (16.39465895409926 48.30016551466891),Auslaufbrunnen mit Tränke,17,
TRINKBRUNNENOGD.fid-761673fc_19a031f728b_-6d21,6152433,POINT (16.26577663436295 48.22128821334874),Auslaufbrunnen mit Tränke,17,
TRINKBRUNNENOGD.fid-761673fc_19a031f728b_-6d20,6152434,POINT (16.462665794757896 48.176949722957175),Auslaufbrunnen mit Tränke,17,
TRINKBRUNNENOGD.fid-761673fc_19a031f728b_-6d1f,6152435,POINT (16.338910853553536 48.201607138791005),Trinkhydrant mit Tränke,18,
TRINKBRUNNENOGD.fid-761673fc_19a031f728b_-6d1e,6152436,POINT (16.399738522977675 48.25796501460383),Auslaufbrunnen mit Tränke,17,
TRINKBRUNNENOGD.fid-761673fc_19a031f728b_-6d1d,6152437,POINT (16.403544170168093 48.19802141748134),Trinkhydrant mit Tränke,18,
TRINKBRUNNENOGD.fid-761673fc_19a031f728b_-6d1c,6152438,POINT (16.290220664912674 48.191020676139885),Trinkhydrant mit Tränke,18,
TRINKBRUNNENOGD.fid-761673fc_19a031f728b_-6d1b,6152439,POINT (16.311728196781605 48.20307021518245),Trinkhydrant mit Tränke,18,
TRINKBRUNNENOGD.fid-761673fc_19a031f728b_-6d1a,6152440,POINT (16.31977539106194 48.14908149436989),Trinkhydrant mit Tränke,18,
TRINKBRUNNENOGD.fid-761673fc_19a031f728b_-6d19,6152441,POINT (16.342981450654733 48.1936136051731),Trinkhydrant mit Tränke,18,
TRINKBRUNNENOGD.fid-761673fc_19a031f728b_-6d18,6152442,POINT (16.400960543305263 48.19070735062814),Trinkhydrant mit Tränke,18,
TRINKBRUNNENOGD.fid-761673fc_19a031f728b_-6d17,6152443,POINT (16.350725794842912 48.1822443073839),Trinkhydrant mit Tränke,18,
TRINKBRUNNENOGD.fid-761673fc_19a031f728b_-6d16,6152444,POINT (16.309089057620128 48.20322429562054),Trinkhydrant mit Tränke,18,
TRINKBRUNNENOGD.fid-761673fc_19a031f728b_-6d15,6152445,POINT (16.34150259197376 48.18388334733029),Trinkhydrant mit Tränke,18,
TRINKBRUNNENOGD.fid-761673fc_19a031f728b_-6d14,6152446,POINT (16.35510725589366 48.24030751588475),Trinkhydrant mit Tränke,18,
TRINKBRUNNENOGD.fid-761673fc_19a031f728b_-6d13,6152447,POINT (16.341454566293528 48.1960030543386),Auslaufbrunnen mit Tränke,17,
TRINKBRUNNENOGD.fid-761673fc_19a031f728b_-6d12,6152448,POINT (16.3409850666658 48.195858604123586),Auslaufbrunnen mit Tränke,17,
TRINKBRUNNENOGD.fid-761673fc_19a031f728b_-6d11,6152449,POINT (16.347093373519215 48.20025853745132),Auslaufbrunnen mit Tränke,17,
TRINKBRUNNENOGD.fid-761673fc_19a031f728b_-6d10,6152450,POINT (16.332950661511674 48.195292480522845),Trinkhydrant mit Tränke,18,
TRINKBRUNNENOGD.fid-761673fc_19a031f728b_-6d0f,6152451,POINT (16.345108894130668 48.20121310455642),Trinkhydrant mit Tränke,18,
TRINKBRUNNENOGD.fid-761673fc_19a031f728b_-6d0e,6152452,POINT (16.455189665270343 48.220628695293165),Trinkhydrant mit Tränke,18,
TRINKBRUNNENOGD.fid-761673fc_19a031f728b_-6d0d,6152453,POINT (16.350166745028645 48.210843441274),Trinkhydrant mit Tränke,18,
TRINKBRUNNENOGD.fid-761673fc_19a031f728b_-6d0c,6152454,POINT (16.261114795465357 48.195543745559064),Trinkhydrant mit Tränke,18,
TRINKBRUNNENOGD.fid-761673fc_19a031f728b_-6d0b,6152455,POINT (16.339105543483267 48.22732128656552),Trinkhydrant mit Tränke,18,
TRINKBRUNNENOGD.fid-761673fc_19a031f728b_-6d0a,6152456,POINT (16.319692843575684 48.260188865828646),Trinkhydrant mit Tränke,18,
TRINKBRUNNENOGD.fid-761673fc_19a031f728b_-6d09,6152457,POINT (16.393710569483925 48.205505803278285),Trinkhydrant mit Tränke,18,
TRINKBRUNNENOGD.fid-761673fc_19a031f728b_-6d08,6152458,POINT (16.308224298671483 48.23558065528749),Auslaufbrunnen mit Tränke,17,
TRINKBRUNNENOGD.fid-761673fc_19a031f728b_-6d07,6152459,POINT (16.402768775878325 48.24714280600665),Auslaufbrunnen mit Tränke,17,
TRINKBRUNNENOGD.fid-761673fc_19a031f728b_-6d06,6152460,POINT (16.339664240932873 48.271870981732825),Auslaufbrunnen mit Tränke,17,
TRINKBRUNNENOGD.fid-761673fc_19a031f728b_-6d05,6152461,POINT (16.392540603364765 48.29509861301811),Auslaufbrunnen mit Tränke,17,
TRINKBRUNNENOGD.fid-761673fc_19a031f728b_-6d04,6152462,POINT (16.452033596201048 48.2863846131386),Auslaufbrunnen mit Tränke,17,
TRINKBRUNNENOGD.fid-761673fc_19a031f728b_-6d03,6152463,POINT (16.350280779288095 48.28186776305802),Auslaufbrunnen mit Tränke,17,
TRINKBRUNNENOGD.fid-761673fc_19a031f728b_-6d02,6152464,POINT (16.37243608110866 48.24665276717517),Auslaufbrunnen mit Tränke,17,
TRINKBRUNNENOGD.fid-761673fc_19a031f728b_-6d01,6152465,POINT (16.436475773588043 48.18863873252491),Auslaufbrunnen mit Tränke,17,
TRINKBRUNNENOGD.fid-761673fc_19a031f728b_-6d00,6152466,POINT (16.468564691898692 48.159792761441885),Auslaufbrunnen mit Tränke,17,
TRINKBRUNNENOGD.fid-761673fc_19a031f728b_-6cff,6152467,POINT (16.35433633160785 48.277208636648645),Auslaufbrunnen mit Tränke,17,
TRINKBRUNNENOGD.fid-761673fc_19a031f728b_-6cfe,6152468,POINT (16.352811862825234 48.27953670739364),Auslaufbrunnen mit Tränke,17,
TRINKBRUNNENOGD.fid-761673fc_19a031f728b_-6cfd,6152469,POINT (16.25754502966622 48.165988535586926),Auslaufbrunnen mit Tränke,17,
TRINKBRUNNENOGD.fid-761673fc_19a031f728b_-6cfc,6152470,POINT (16.25298048688404 48.198310403925596),Auslaufbrunnen mit Tränke,17,
TRINKBRUNNENOGD.fid-761673fc_19a031f728b_-6cfb,6152471,POINT (16.383841683696577 48.302734256518065),Auslaufbrunnen mit Tränke,17,
TRINKBRUNNENOGD.fid-761673fc_19a031f728b_-6cfa,6152472,POINT (16.285682990668924 48.21733708409891),Auslaufbrunnen mit Tränke,17,
TRINKBRUNNENOGD.fid-761673fc_19a031f728b_-6cf9,6152473,POINT (16.398006645571428 48.21696400284274),Auslaufbrunnen mit Tränke,17,
TRINKBRUNNENOGD.fid-761673fc_19a031f728b_-6cf8,6152474,POINT (16.29105741940017 48.15922341125769),Auslaufbrunnen mit Tränke,17,
TRINKBRUNNENOGD.fid-761673fc_19a031f728b_-6cf7,6152475,POINT (16.329916649018895 48.211910635363836),Trinkhydrant mit Tränke,18,
TRINKBRUNNENOGD.fid-761673fc_19a031f728b_-6cf6,6152476,POINT (16.432911373046174 48.20250461747586),Auslaufbrunnen mit Tränke,17,
TRINKBRUNNENOGD.fid-761673fc_19a031f728b_-6cf5,6152477,POINT (16.37375023985211 48.18992465143418),Trinkhydrant mit Tränke,18,
TRINKBRUNNENOGD.fid-761673fc_19a031f728b_-6cf4,6152478,POINT (16.485616178733338 48.20240389633003),Trinkhydrant mit Tränke,18,
TRINKBRUNNENOGD.fid-761673fc_19a031f728b_-6cf3,6152479,POINT (16.38523330032696 48.297834063338655),Auslaufbrunnen mit Tränke,17,
TRINKBRUNNENOGD.fid-761673fc_19a031f728b_-6cf2,6152480,POINT (16.387358072841984 48.30090274348981),Auslaufbrunnen mit Tränke,17,
TRINKBRUNNENOGD.fid-761673fc_19a031f728b_-6cf1,6152481,POINT (16.393794228628146 48.247014054472444),Auslaufbrunnen mit Tränke,17,
TRINKBRUNNENOGD.fid-761673fc_19a031f728b_-6cf0,6152482,POINT (16.26909305137767 48.161308687760055),Auslaufbrunnen mit Tränke,17,
TRINKBRUNNENOGD.fid-761673fc_19a031f728b_-6cef,6152483,POINT (16.28763526436514 48.164941241811405),Auslaufbrunnen mit Tränke,17,
TRINKBRUNNENOGD.fid-761673fc_19a031f728b_-6cee,6152484,POINT (16.315529850051902 48.17657769224018),Auslaufbrunnen mit Tränke,17,
TRINKBRUNNENOGD.fid-761673fc_19a031f728b_-6ced,6152485,POINT (16.265547674171682 48.17460708855255),Auslaufbrunnen mit Tränke,17,
TRINKBRUNNENOGD.fid-761673fc_19a031f728b_-6cec,6152486,POINT (16.340667719548524 48.18191549169618),Auslaufbrunnen mit Tränke,17,
TRINKBRUNNENOGD.fid-761673fc_19a031f728b_-6ceb,6152487,POINT (16.29862809535154 48.20475426715651),Auslaufbrunnen mit Tränke,17,
TRINKBRUNNENOGD.fid-761673fc_19a031f728b_-6cea,6152488,POINT (16.28084166110659 48.20693127355209),Auslaufbrunnen mit Tränke,17,
TRINKBRUNNENOGD.fid-761673fc_19a031f728b_-6ce9,6152489,POINT (16.265095400869157 48.207306363425026),Auslaufbrunnen mit Tränke,17,
TRINKBRUNNENOGD.fid-761673fc_19a031f728b_-6ce8,6152490,POINT (16.397415492131472 48.1369481141927),Auslaufbrunnen mit Tränke,17,
TRINKBRUNNENOGD.fid-761673fc_19a031f728b_-6ce7,6152491,POINT (16.2716471286374 48.166965504808985),Auslaufbrunnen mit Tränke,17,
TRINKBRUNNENOGD.fid-761673fc_19a031f728b_-6ce6,6152492,POINT (16.196657434922503 48.22938279098341),Auslaufbrunnen mit Tränke,17,
TRINKBRUNNENOGD.fid-761673fc_19a031f728b_-6ce5,6152493,POINT (16.401965092380667 48.1903761879569),Trinkhydrant mit Tränke,18,
TRINKBRUNNENOGD.fid-761673fc_19a031f728b_-6ce4,6152494,POINT (16.25063965530133 48.21345705693431),Auslaufbrunnen mit Tränke,17,
TRINKBRUNNENOGD.fid-761673fc_19a031f728b_-6ce3,6152495,POINT (16.262101346232157 48.210076724576986),Auslaufbrunnen mit Tränke,17,
TRINKBRUNNENOGD.fid-761673fc_19a031f728b_-6ce2,6152496,POINT (16.309576004039677 48.257121752607134),Auslaufbrunnen mit Tränke,17,
TRINKBRUNNENOGD.fid-761673fc_19a031f728b_-6ce1,6152497,POINT (16.478325531208153 48.20988231467476),Auslaufbrunnen mit Tränke,17,
TRINKBRUNNENOGD.fid-761673fc_19a031f728b_-6ce0,6152498,POINT (16.32101089075398 48.20791946092489),Auslaufbrunnen mit Tränke,17,
TRINKBRUNNENOGD.fid-761673fc_19a031f728b_-6cdf,6152499,POINT (16.244557766140062 48.225552562116754),Auslaufbrunnen mit Tränke,17,
TRINKBRUNNENOGD.fid-761673fc_19a031f728b_-6cde,6152500,POINT (16.30156264316663 48.18588428368892),Auslaufbrunnen mit Tränke,17,
TRINKBRUNNENOGD.fid-761673fc_19a031f728b_-6cdd,6152501,POINT (16.425696879669605 48.19970994490882),Auslaufbrunnen mit Tränke,17,
TRINKBRUNNENOGD.fid-761673fc_19a031f728b_-6cdc,6152502,POINT (16.41814656936688 48.20368760145438),Auslaufbrunnen mit Tränke,17,
TRINKBRUNNENOGD.fid-761673fc_19a031f728b_-6cdb,6152503,POINT (16.3764394539214 48.19856914588839),Auslaufbrunnen mit Tränke,17,
TRINKBRUNNENOGD.fid-761673fc_19a031f728b_-6cda,6152504,POINT (16.28988563941812 48.18026736871908),Auslaufbrunnen mit Tränke,17,
TRINKBRUNNENOGD.fid-761673fc_19a031f728b_-6cd9,6152505,POINT (16.374203868267294 48.21601022409064),Auslaufbrunnen mit Tränke,17,
TRINKBRUNNENOGD.fid-761673fc_19a031f728b_-6cd8,6152506,POINT (16.308387688118366 48.20924501415387),Auslaufbrunnen mit Tränke,17,
TRINKBRUNNENOGD.fid-761673fc_19a031f728b_-6cd7,6152507,POINT (16.363224256439366 48.195249186477646),Trinkhydrant mit Tränke,18,
TRINKBRUNNENOGD.fid-761673fc_19a031f728b_-6cd6,6152508,POINT (16.285380963605917 48.16695522351815),Trinkhydrant mit Tränke,18,
TRINKBRUNNENOGD.fid-761673fc_19a031f728b_-6cd5,6152509,POINT (16.362486210052648 48.20508229507406),Trinkhydrant mit Tränke,18,
TRINKBRUNNENOGD.fid-761673fc_19a031f728b_-6cd4,6152510,POINT (16.53304030020869 48.21994273243096),Auslaufbrunnen mit Tränke,17,
TRINKBRUNNENOGD.fid-761673fc_19a031f728b_-6cd3,6152511,POINT (16.32050383075105 48.24101375903735),Auslaufbrunnen mit Tränke,17,
TRINKBRUNNENOGD.fid-761673fc_19a031f728b_-6cd2,6152512,POINT (16.45835387121728 48.17819266445551),Auslaufbrunnen mit Tränke,17,
TRINKBRUNNENOGD.fid-761673fc_19a031f728b_-6cd1,6152513,POINT (16.41266204811647 48.22571547210567),Auslaufbrunnen mit Tränke,17,
TRINKBRUNNENOGD.fid-761673fc_19a031f728b_-6cd0,6152514,POINT (16.497268889638544 48.159379557587826),Auslaufbrunnen mit Tränke,17,
TRINKBRUNNENOGD.fid-761673fc_19a031f728b_-6ccf,6152515,POINT (16.371849250221953 48.207111690966556),Auslaufbrunnen mit Tränke,17,
TRINKBRUNNENOGD.fid-761673fc_19a031f728b_-6cce,6152516,POINT (16.32097817399419 48.264091613451555),Auslaufbrunnen mit Tränke,17,
TRINKBRUNNENOGD.fid-761673fc_19a031f728b_-6ccd,6152517,POINT (16.429247797611573 48.217651206022076),Auslaufbrunnen mit Tränke,17,
TRINKBRUNNENOGD.fid-761673fc_19a031f728b_-6ccc,6152518,POINT (16.327484499713584 48.21341132311308),Auslaufbrunnen mit Tränke,17,
TRINKBRUNNENOGD.fid-761673fc_19a031f728b_-6ccb,6152519,POINT (16.314737916854188 48.26254239017424),Auslaufbrunnen mit Tränke,17,
TRINKBRUNNENOGD.fid-761673fc_19a031f728b_-6cca,6152520,POINT (16.386889130773863 48.222652446157504),Auslaufbrunnen mit Tränke,17,
TRINKBRUNNENOGD.fid-761673fc_19a031f728b_-6cc9,6152521,POINT (16.379793599275256 48.215761918622555),Auslaufbrunnen mit Tränke,17,
TRINKBRUNNENOGD.fid-761673fc_19a031f728b_-6cc8,6152522,POINT (16.349821664786965 48.20631286084203),Auslaufbrunnen mit Tränke,17,
TRINKBRUNNENOGD.fid-761673fc_19a031f728b_-6cc7,6152523,POINT (16.412492700600595 48.24847079831968),Auslaufbrunnen mit Tränke,17,
TRINKBRUNNENOGD.fid-761673fc_19a031f728b_-6cc6,6152524,POINT (16.381326581840018 48.17522041503635),Trinkhydrant mit Tränke,18,
TRINKBRUNNENOGD.fid-761673fc_19a031f728b_-6cc5,6152525,POINT (16.331528417627165 48.19312177041975),Trinkhydrant mit Tränke,18,
TRINKBRUNNENOGD.fid-761673fc_19a031f728b_-6cc4,6152526,POINT (16.27685559297663 48.17301196697158),Auslaufbrunnen mit Tränke,17,
TRINKBRUNNENOGD.fid-761673fc_19a031f728b_-6cc3,6152527,POINT (16.330000517304992 48.17887361251314),Auslaufbrunnen mit Tränke,17,
TRINKBRUNNENOGD.fid-761673fc_19a031f728b_-6cc2,6152528,POINT (16.37804720924834 48.21699320265289),Auslaufbrunnen mit Tränke,17,
TRINKBRUNNENOGD.fid-761673fc_19a031f728b_-6cc1,6152529,POINT (16.43873162194807 48.19296845642305),Auslaufbrunnen mit Tränke,17,
TRINKBRUNNENOGD.fid-761673fc_19a031f728b_-6cc0,6152530,POINT (16.24793454904136 48.219938370247725),Auslaufbrunnen mit Tränke,17,
TRINKBRUNNENOGD.fid-761673fc_19a031f728b_-6cbf,6152531,POINT (16.31235179253138 48.21213087132691),Auslaufbrunnen mit Tränke,17,
TRINKBRUNNENOGD.fid-761673fc_19a031f728b_-6cbe,6152532,POINT (16.287704495447283 48.185702527563244),Auslaufbrunnen mit Tränke,17,
TRINKBRUNNENOGD.fid-761673fc_19a031f728b_-6cbd,6152533,POINT (16.39859289027798 48.21394664680454),Auslaufbrunnen mit Tränke,17,
TRINKBRUNNENOGD.fid-761673fc_19a031f728b_-6cbc,6152534,POINT (16.413915820704723 48.228937720987304),Auslaufbrunnen mit Tränke,17,
TRINKBRUNNENOGD.fid-761673fc_19a031f728b_-6cbb,6152535,POINT (16.398681447371224 48.24161035853896),Auslaufbrunnen mit Tränke,17,
TRINKBRUNNENOGD.fid-761673fc_19a031f728b_-6cba,6152536,POINT (16.366988757421034 48.26391139603105),Auslaufbrunnen mit Tränke,17,
TRINKBRUNNENOGD.fid-761673fc_19a031f728b_-6cb9,6152537,POINT (16.368396632424478 48.26041627723054),Auslaufbrunnen mit Tränke,17,
TRINKBRUNNENOGD.fid-761673fc_19a031f728b_-6cb8,6152538,POINT (16.447658443168503 48.19529289141065),Auslaufbrunnen mit Tränke,17,
TRINKBRUNNENOGD.fid-761673fc_19a031f728b_-6cb7,6152539,POINT (16.479634839731784 48.16753219610533),Auslaufbrunnen mit Tränke,17,
TRINKBRUNNENOGD.fid-761673fc_19a031f728b_-6cb6,6152540,POINT (16.277898283073473 48.215378047535644),Auslaufbrunnen mit Tränke,17,
TRINKBRUNNENOGD.fid-761673fc_19a031f728b_-6cb5,6152541,POINT (16.44745064244261 48.28769358946827),Auslaufbrunnen mit Tränke,17,
TRINKBRUNNENOGD.fid-761673fc_19a031f728b_-6cb4,6152542,POINT (16.445146895004555 48.28692940461632),Auslaufbrunnen mit Tränke,17,
TRINKBRUNNENOGD.fid-761673fc_19a031f728b_-6cb3,6152543,POINT (16.42196993068457 48.289146862245076),Auslaufbrunnen mit Tränke,17,
TRINKBRUNNENOGD.fid-761673fc_19a031f728b_-6cb2,6152544,POINT (16.36004186718197 48.20133454828647),Trinkhydrant mit Tränke,18,
TRINKBRUNNENOGD.fid-761673fc_19a031f728b_-6cb1,6152545,POINT (16.366562602434037 48.17725093349235),Trinkhydrant mit Tränke,18,
TRINKBRUNNENOGD.fid-761673fc_19a031f728b_-6cb0,6152546,POINT (16.34476756933897 48.287152855555284),Auslaufbrunnen mit Tränke,17,
TRINKBRUNNENOGD.fid-761673fc_19a031f728b_-6caf,6152547,POINT (16.38865724657537 48.28522280028131),Auslaufbrunnen mit Tränke,17,
TRINKBRUNNENOGD.fid-761673fc_19a031f728b_-6cae,6152548,POINT (16.400647139246995 48.16614637477565),Auslaufbrunnen mit Tränke,17,
TRINKBRUNNENOGD.fid-761673fc_19a031f728b_-6cad,6152549,POINT (16.41132433302298 48.19718153407748),Auslaufbrunnen mit Tränke,17,
TRINKBRUNNENOGD.fid-761673fc_19a031f728b_-6cac,6152550,POINT (16.33160969857432 48.21241406459181),Auslaufbrunnen mit Tränke,17,
TRINKBRUNNENOGD.fid-761673fc_19a031f728b_-6cab,6152551,POINT (16.282040624342226 48.216783417074545),Auslaufbrunnen mit Tränke,17,
TRINKBRUNNENOGD.fid-761673fc_19a031f728b_-6caa,6152552,POINT (16.29510533905821 48.246432512843974),Auslaufbrunnen mit Tränke,17,
TRINKBRUNNENOGD.fid-761673fc_19a031f728b_-6ca9,6152553,POINT (16.321546565977087 48.255534355439),Auslaufbrunnen mit Tränke,17,
TRINKBRUNNENOGD.fid-761673fc_19a031f728b_-6ca8,6152554,POINT (16.318208949624616 48.238939976931206),Trinkhydrant mit Tränke,18,
TRINKBRUNNENOGD.fid-761673fc_19a031f728b_-6ca7,6152555,POINT (16.394750142778076 48.18076756179856),Trinkhydrant mit Tränke,18,
TRINKBRUNNENOGD.fid-761673fc_19a031f728b_-6ca6,6152556,POINT (16.26724710812592 48.150934570743935),Trinkhydrant mit Tränke,18,
TRINKBRUNNENOGD.fid-761673fc_19a031f728b_-6ca5,6152557,POINT (16.330030828506448 48.20706565320563),Trinkhydrant mit Tränke,18,
TRINKBRUNNENOGD.fid-761673fc_19a031f728b_-6ca4,6152558,POINT (16.38628699219661 48.193160222116845),Trinkhydrant mit Tränke,18,
TRINKBRUNNENOGD.fid-761673fc_19a031f728b_-6ca3,6152559,POINT (16.256464987285344 48.132797128294875),Trinkhydrant mit Tränke,18,
TRINKBRUNNENOGD.fid-761673fc_19a031f728b_-6ca2,6152560,POINT (16.282400562383927 48.135321947950125),Auslaufbrunnen mit Tränke,17,
TRINKBRUNNENOGD.fid-761673fc_19a031f728b_-6ca1,6152561,POINT (16.281845116014733 48.1355316057532),Auslaufbrunnen mit Tränke,17,
TRINKBRUNNENOGD.fid-761673fc_19a031f728b_-6ca0,6152562,POINT (16.280502844702422 48.13600391075924),Auslaufbrunnen mit Tränke,17,
TRINKBRUNNENOGD.fid-761673fc_19a031f728b_-6c9f,6152563,POINT (16.32723083650317 48.21023484289435),Trinkhydrant mit Tränke,18,
TRINKBRUNNENOGD.fid-761673fc_19a031f728b_-6c9e,6152564,POINT (16.307870736871322 48.213196327254366),Trinkhydrant mit Tränke,18,
TRINKBRUNNENOGD.fid-761673fc_19a031f728b_-6c9d,6152565,POINT (16.358326090759086 48.211454530682424),Trinkhydrant mit Tränke,18,
TRINKBRUNNENOGD.fid-761673fc_19a031f728b_-6c9c,6152566,POINT (16.39389167278962 48.2165634180818),Trinkhydrant mit Tränke,18,
TRINKBRUNNENOGD.fid-761673fc_19a031f728b_-6c9b,6152567,POINT (16.334521226736776 48.20624059470153),Trinkhydrant mit Tränke,18,
TRINKBRUNNENOGD.fid-761673fc_19a031f728b_-6c9a,6152568,POINT (16.23603373784221 48.13697082262231),Trinkhydrant mit Tränke,18,
TRINKBRUNNENOGD.fid-761673fc_19a031f728b_-6c99,6152569,POINT (16.346225335594614 48.19708536208653),Trinkhydrant mit Tränke,18,
TRINKBRUNNENOGD.fid-761673fc_19a031f728b_-6c98,6152570,POINT (16.327319627328677 48.19924582968913),Trinkhydrant mit Tränke,18,
TRINKBRUNNENOGD.fid-761673fc_19a031f728b_-6c97,6152571,POINT (16.294884473992823 48.147356604591685),Auslaufbrunnen mit Tränke,17,
TRINKBRUNNENOGD.fid-761673fc_19a031f728b_-6c96,6152572,POINT (16.33254609186696 48.20823917663597),Trinkhydrant mit Tränke,18,
TRINKBRUNNENOGD.fid-761673fc_19a031f728b_-6c95,6152573,POINT (16.37983809428516 48.21792003206753),Trinkhydrant mit Tränke,18,
TRINKBRUNNENOGD.fid-761673fc_19a031f728b_-6c94,6152574,POINT (16.351191855231505 48.19883007134286),Trinkhydrant mit Tränke,18,
TRINKBRUNNENOGD.fid-761673fc_19a031f728b_-6c93,6152575,POINT (16.32434071950619 48.184930794682344),Trinkhydrant mit Tränke,18,
TRINKBRUNNENOGD.fid-761673fc_19a031f728b_-6c92,6152576,POINT (16.291887013785818 48.254208220806774),Trinkhydrant mit Tränke,18,
TRINKBRUNNENOGD.fid-761673fc_19a031f728b_-6c91,6152577,POINT (16.283931355839105 48.17832841422875),Auslaufbrunnen mit Tränke,17,
TRINKBRUNNENOGD.fid-761673fc_19a031f728b_-6c90,6152578,POINT (16.355290481667645 48.200215659522875),Trinkhydrant mit Tränke,18,
TRINKBRUNNENOGD.fid-761673fc_19a031f728b_-6c8f,6152579,POINT (16.349389097072088 48.19946503672917),Trinkhydrant mit Tränke,18,
TRINKBRUNNENOGD.fid-761673fc_19a031f728b_-6c8e,6152580,POINT (16.314457593917354 48.20107660337922),Trinkhydrant mit Tränke,18,
TRINKBRUNNENOGD.fid-761673fc_19a031f728b_-6c8d,6152581,POINT (16.339864099414143 48.19190699275613),Trinkhydrant mit Tränke,18,
TRINKBRUNNENOGD.fid-761673fc_19a031f728b_-6c8c,6152582,POINT (16.334629162481768 48.192616179752044),Trinkhydrant mit Tränke,18,
TRINKBRUNNENOGD.fid-761673fc_19a031f728b_-6c8b,6152583,POINT (16.309980946338268 48.21248229784037),Trinkhydrant mit Tränke,18,
TRINKBRUNNENOGD.fid-761673fc_19a031f728b_-6c8a,6152584,POINT (16.3362740418273 48.198634831548425),Trinkhydrant mit Tränke,18,
TRINKBRUNNENOGD.fid-761673fc_19a031f728b_-6c89,6152585,POINT (16.348973826326862 48.19797843109833),Trinkhydrant mit Tränke,18,
TRINKBRUNNENOGD.fid-761673fc_19a031f728b_-6c88,6152586,POINT (16.38794224198103 48.22807448973549),Trinkhydrant mit Tränke,18,
TRINKBRUNNENOGD.fid-761673fc_19a031f728b_-6c87,6152587,POINT (16.344243963651767 48.19665061048466),Trinkhydrant mit Tränke,18,
TRINKBRUNNENOGD.fid-761673fc_19a031f728b_-6c86,6152588,POINT (16.338344097590927 48.213256886179025),Trinkhydrant mit Tränke,18,
TRINKBRUNNENOGD.fid-761673fc_19a031f728b_-6c85,6152589,POINT (16.359313210202654 48.18774796556434),Trinkhydrant mit Tränke,18,
TRINKBRUNNENOGD.fid-761673fc_19a031f728b_-6c84,6152590,POINT (16.345229817424137 48.20707308672785),Trinkhydrant mit Tränke,18,
TRINKBRUNNENOGD.fid-761673fc_19a031f728b_-6c83,6152591,POINT (16.389883647089146 48.19238077102018),Trinkhydrant mit Tränke,18,
TRINKBRUNNENOGD.fid-761673fc_19a031f728b_-6c82,6152592,POINT (16.393328004577736 48.22886486608229),Trinkhydrant mit Tränke,18,
TRINKBRUNNENOGD.fid-761673fc_19a031f728b_-6c81,6152593,POINT (16.405992590490303 48.21023689468025),Auslaufbrunnen mit Tränke,17,
TRINKBRUNNENOGD.fid-761673fc_19a031f728b_-6c80,6152594,POINT (16.38389211687659 48.223675595646384),Auslaufbrunnen mit Tränke,17,
TRINKBRUNNENOGD.fid-761673fc_19a031f728b_-6c7f,6152595,POINT (16.34965057790435 48.19996868130287),Trinkhydrant mit Tränke,18,
TRINKBRUNNENOGD.fid-761673fc_19a031f728b_-6c7e,6152596,POINT (16.380086155725447 48.21932954124788),Trinkhydrant mit Tränke,18,
TRINKBRUNNENOGD.fid-761673fc_19a031f728b_-6c7d,6152597,POINT (16.37376481382222 48.18723512505621),Trinkhydrant mit Tränke,18,
TRINKBRUNNENOGD.fid-761673fc_19a031f728b_-6c7c,6152598,POINT (16.375748456367482 48.2206314447595),Trinkhydrant mit Tränke,18,
TRINKBRUNNENOGD.fid-761673fc_19a031f728b_-6c7b,6152599,POINT (16.316139808320255 48.140697943193025),Trinkhydrant mit Tränke,18,
TRINKBRUNNENOGD.fid-761673fc_19a031f728b_-6c7a,6152600,POINT (16.37817421481751 48.206755512213924),Auslaufbrunnen mit Tränke,17,
TRINKBRUNNENOGD.fid-761673fc_19a031f728b_-6c79,6152601,POINT (16.34683832816235 48.20289507085957),Trinkhydrant mit Tränke,18,
TRINKBRUNNENOGD.fid-761673fc_19a031f728b_-6c78,6152602,POINT (16.375487627360275 48.19409019077343),Trinkhydrant mit Tränke,18,
TRINKBRUNNENOGD.fid-761673fc_19a031f728b_-6c77,6152603,POINT (16.23597914472816 48.20438474602784),Trinkhydrant mit Tränke,18,
TRINKBRUNNENOGD.fid-761673fc_19a031f728b_-6c76,6152604,POINT (16.365552224753035 48.240688939246695),Trinkhydrant mit Tränke,18,
TRINKBRUNNENOGD.fid-761673fc_19a031f728b_-6c75,6152605,POINT (16.31000364193885 48.12993916558374),Trinkhydrant mit Tränke,18,
TRINKBRUNNENOGD.fid-761673fc_19a031f728b_-6c74,6152606,POINT (16.365621817199457 48.197205705100764),Trinkhydrant mit Tränke,18,
TRINKBRUNNENOGD.fid-761673fc_19a031f728b_-6c73,6152607,POINT (16.38389595280458 48.21858674875194),Trinkhydrant mit Tränke,18,
TRINKBRUNNENOGD.fid-761673fc_19a031f728b_-6c72,6152608,POINT (16.385836370991743 48.19785812673124),Trinkhydrant mit Tränke,18,
TRINKBRUNNENOGD.fid-761673fc_19a031f728b_-6c71,6152609,POINT (16.369880660734253 48.18585793488094),Trinkhydrant mit Tränke,18,
TRINKBRUNNENOGD.fid-761673fc_19a031f728b_-6c70,6152610,POINT (16.351314273856847 48.2019948635839),Trinkhydrant mit Tränke,18,
TRINKBRUNNENOGD.fid-761673fc_19a031f728b_-6c6f,6152611,POINT (16.364883454335256 48.18894163890564),Trinkhydrant mit Tränke,18,
TRINKBRUNNENOGD.fid-761673fc_19a031f728b_-6c6e,6152612,POINT (16.37309922628306 48.2089261537826),Trinkhydrant mit Tränke,18,
TRINKBRUNNENOGD.fid-761673fc_19a031f728b_-6c6d,6152613,POINT (16.317151409332787 48.225510491245565),Trinkhydrant mit Tränke,18,
TRINKBRUNNENOGD.fid-761673fc_19a031f728b_-6c6c,6152614,POINT (16.393350534685993 48.21990608776796),Auslaufbrunnen mit Tränke,17,
TRINKBRUNNENOGD.fid-761673fc_19a031f728b_-6c6b,6152615,POINT (16.324028169767004 48.21072378132026),Trinkhydrant mit Tränke,18,
TRINKBRUNNENOGD.fid-761673fc_19a031f728b_-6c6a,6152616,POINT (16.363365624536325 48.193721740932894),Trinkhydrant mit Tränke,18,
TRINKBRUNNENOGD.fid-761673fc_19a031f728b_-6c69,6152617,POINT (16.31909292757319 48.21147514154679),Trinkhydrant mit Tränke,18,
TRINKBRUNNENOGD.fid-761673fc_19a031f728b_-6c68,6152618,POINT (16.395503809048243 48.20398548570381),Trinkhydrant mit Tränke,18,
TRINKBRUNNENOGD.fid-761673fc_19a031f728b_-6c67,6152619,POINT (16.356193629162448 48.200329755494),Trinkhydrant mit Tränke,18,
TRINKBRUNNENOGD.fid-761673fc_19a031f728b_-6c66,6152620,POINT (16.36406694509437 48.23222052615295),Trinkhydrant mit Tränke,18,
TRINKBRUNNENOGD.fid-761673fc_19a031f728b_-6c65,6152621,POINT (16.415081899230678 48.24712520831503),Trinkhydrant mit Tränke,18,
TRINKBRUNNENOGD.fid-761673fc_19a031f728b_-6c64,6152622,POINT (16.32688800407456 48.15713618924293),Trinkhydrant mit Tränke,18,
TRINKBRUNNENOGD.fid-761673fc_19a031f728b_-6c63,6152623,POINT (16.261985547934724 48.20117666568527),Auslaufbrunnen mit Tränke,17,
TRINKBRUNNENOGD.fid-761673fc_19a031f728b_-6c62,6152624,POINT (16.377811390088983 48.161423844203576),Trinkhydrant mit Tränke,18,
TRINKBRUNNENOGD.fid-761673fc_19a031f728b_-6c61,6152625,POINT (16.389480718171285 48.191125321693264),Trinkhydrant mit Tränke,18,
TRINKBRUNNENOGD.fid-761673fc_19a031f728b_-6c60,6152626,POINT (16.348821637859658 48.1899351690439),Trinkhydrant mit Tränke,18,
TRINKBRUNNENOGD.fid-761673fc_19a031f728b_-6c5f,6152627,POINT (16.336520572568087 48.22384257309826),Trinkhydrant mit Tränke,18,
TRINKBRUNNENOGD.fid-761673fc_19a031f728b_-6c5e,6152628,POINT (16.329996696568003 48.21541404859899),Trinkhydrant mit Tränke,18,
TRINKBRUNNENOGD.fid-761673fc_19a031f728b_-6c5d,6152629,POINT (16.30882314690354 48.21317290526936),Trinkhydrant mit Tränke,18,
TRINKBRUNNENOGD.fid-761673fc_19a031f728b_-6c5c,6152630,POINT (16.395884954333273 48.192775309833216),Trinkhydrant mit Tränke,18,
TRINKBRUNNENOGD.fid-761673fc_19a031f728b_-6c5b,6152631,POINT (16.335822422678227 48.20759998502941),Trinkhydrant mit Tränke,18,
TRINKBRUNNENOGD.fid-761673fc_19a031f728b_-6c5a,6152632,POINT (16.339766166526985 48.21967753395739),Trinkhydrant mit Tränke,18,
TRINKBRUNNENOGD.fid-761673fc_19a031f728b_-6c59,6152633,POINT (16.302051398393825 48.203865363227656),Trinkhydrant mit Tränke,18,
TRINKBRUNNENOGD.fid-761673fc_19a031f728b_-6c58,6152634,POINT (16.307477492804193 48.21204340879637),Trinkhydrant mit Tränke,18,
TRINKBRUNNENOGD.fid-761673fc_19a031f728b_-6c57,6152635,POINT (16.257105897726007 48.18761260387851),Trinkhydrant mit Tränke,18,
TRINKBRUNNENOGD.fid-761673fc_19a031f728b_-6c56,6152636,POINT (16.375877154625652 48.18955997899153),Trinkhydrant mit Tränke,18,
TRINKBRUNNENOGD.fid-761673fc_19a031f728b_-6c55,6152637,POINT (16.373471112289913 48.20322548110256),Trinkhydrant mit Tränke,18,
TRINKBRUNNENOGD.fid-761673fc_19a031f728b_-6c54,6152638,POINT (16.381733470598597 48.17757969901086),Auslaufbrunnen mit Tränke,17,
TRINKBRUNNENOGD.fid-761673fc_19a031f728b_-6c53,6152639,POINT (16.32280099992974 48.19731298290493),Auslaufbrunnen mit Tränke,17,
TRINKBRUNNENOGD.fid-761673fc_19a031f728b_-6c52,6152640,POINT (16.402278557071163 48.23383022116028),Trinkhydrant mit Tränke,18,
TRINKBRUNNENOGD.fid-761673fc_19a031f728b_-6c51,6152641,POINT (16.39724769595748 48.23828588679219),Trinkhydrant mit Tränke,18,
TRINKBRUNNENOGD.fid-761673fc_19a031f728b_-6c50,6152642,POINT (16.253154669843752 48.19847178031039),Trinkhydrant mit Tränke,18,
TRINKBRUNNENOGD.fid-761673fc_19a031f728b_-6c4f,6152643,POINT (16.36906153072117 48.22912860628465),Trinkhydrant mit Tränke,18,
TRINKBRUNNENOGD.fid-761673fc_19a031f728b_-6c4e,6152644,POINT (16.402802162381935 48.25470018305152),Trinkhydrant mit Tränke,18,
TRINKBRUNNENOGD.fid-761673fc_19a031f728b_-6c4d,6152645,POINT (16.404926644685247 48.253800794018666),Trinkhydrant mit Tränke,18,
TRINKBRUNNENOGD.fid-761673fc_19a031f728b_-6c4c,6152646,POINT (16.25581774930812 48.159640025119316),Auslaufbrunnen mit Tränke,17,
TRINKBRUNNENOGD.fid-761673fc_19a031f728b_-6c4b,6152647,POINT (16.345095265455367 48.20328829328302),Trinkhydrant mit Tränke,18,
TRINKBRUNNENOGD.fid-761673fc_19a031f728b_-6c4a,6152648,POINT (16.34497425740278 48.20447828641675),Trinkhydrant mit Tränke,18,
TRINKBRUNNENOGD.fid-761673fc_19a031f728b_-6c49,6152649,POINT (16.33661018932592 48.2752012044249),Auslaufbrunnen mit Tränke,17,
TRINKBRUNNENOGD.fid-761673fc_19a031f728b_-6c48,6152650,POINT (16.35097729400917 48.19733741994849),Trinkhydrant mit Tränke,18,
TRINKBRUNNENOGD.fid-761673fc_19a031f728b_-6c47,6152651,POINT (16.334409166649976 48.19447591906477),Auslaufbrunnen mit Tränke,17,
TRINKBRUNNENOGD.fid-761673fc_19a031f728b_-6c46,6152652,POINT (16.391877993013615 48.21211766604348),Auslaufbrunnen mit Tränke,17,
TRINKBRUNNENOGD.fid-761673fc_19a031f728b_-6c45,6152653,POINT (16.38529279128712 48.18856827675545),Trinkhydrant mit Tränke,18,
TRINKBRUNNENOGD.fid-761673fc_19a031f728b_-6c44,6152654,POINT (16.354622293688863 48.202251162817575),Trinkhydrant mit Tränke,18,
TRINKBRUNNENOGD.fid-761673fc_19a031f728b_-6c43,6152655,POINT (16.391897556023878 48.19225354659591),Trinkhydrant mit Tränke,18,
TRINKBRUNNENOGD.fid-761673fc_19a031f728b_-6c42,6152656,POINT (16.347510330160578 48.18768646939425),Auslaufbrunnen mit Tränke,17,
TRINKBRUNNENOGD.fid-761673fc_19a031f728b_-6c41,6152657,POINT (16.363970554851885 48.19238026272063),Auslaufbrunnen mit Tränke,17,
TRINKBRUNNENOGD.fid-761673fc_19a031f728b_-6c40,6152658,POINT (16.334879334971966 48.18120062348339),Auslaufbrunnen mit Tränke,17,
TRINKBRUNNENOGD.fid-761673fc_19a031f728b_-6c3f,6152659,POINT (16.42084033626789 48.19110983733502),Trinkhydrant mit Tränke,18,
TRINKBRUNNENOGD.fid-761673fc_19a031f728b_-6c3e,6152660,POINT (16.38258984566801 48.22038499183266),Trinkhydrant mit Tränke,18,
TRINKBRUNNENOGD.fid-761673fc_19a031f728b_-6c3d,6152661,POINT (16.3214649448255 48.263657186840845),Trinkhydrant mit Tränke,18,
TRINKBRUNNENOGD.fid-761673fc_19a031f728b_-6c3c,6152662,POINT (16.37266100204668 48.20814050410476),Trinkhydrant mit Tränke,18,
TRINKBRUNNENOGD.fid-761673fc_19a031f728b_-6c3b,6152663,POINT (16.373813990675423 48.208523861880025),Trinkhydrant mit Tränke,18,
TRINKBRUNNENOGD.fid-761673fc_19a031f728b_-6c3a,6152664,POINT (16.375867133770726 48.16160894828487),Trinkhydrant mit Tränke,18,
TRINKBRUNNENOGD.fid-761673fc_19a031f728b_-6c39,6152665,POINT (16.366826632938494 48.19105787922523),Trinkhydrant mit Tränke,18,
TRINKBRUNNENOGD.fid-761673fc_19a031f728b_-6c38,6152666,POINT (16.349854317330742 48.19098920835291),Trinkhydrant mit Tränke,18,
TRINKBRUNNENOGD.fid-761673fc_19a031f728b_-6c37,6152667,POINT (16.385605279978304 48.2233497159312),Trinkhydrant mit Tränke,18,
TRINKBRUNNENOGD.fid-761673fc_19a031f728b_-6c36,6152668,POINT (16.302048297276915 48.17572378585197),Auslaufbrunnen mit Tränke,17,
TRINKBRUNNENOGD.fid-761673fc_19a031f728b_-6c35,6152669,POINT (16.319733531448 48.217269511590835),Trinkhydrant mit Tränke,18,
TRINKBRUNNENOGD.fid-761673fc_19a031f728b_-6c34,6152670,POINT (16.34844249552275 48.18905078714734),Trinkhydrant mit Tränke,18,
TRINKBRUNNENOGD.fid-761673fc_19a031f728b_-6c33,6152671,POINT (16.36805592252823 48.23070174416016),Trinkhydrant mit Tränke,18,
TRINKBRUNNENOGD.fid-761673fc_19a031f728b_-6c32,6152672,POINT (16.37684764924993 48.19479136986607),Trinkhydrant mit Tränke,18,
TRINKBRUNNENOGD.fid-761673fc_19a031f728b_-6c31,6152673,POINT (16.3384280575617 48.18709854772024),Trinkhydrant mit Tränke,18,
TRINKBRUNNENOGD.fid-761673fc_19a031f728b_-6c30,6152674,POINT (16.35227485072948 48.20229188340855),Auslaufbrunnen mit Tränke,17,
TRINKBRUNNENOGD.fid-761673fc_19a031f728b_-6c2f,6152675,POINT (16.320262774697365 48.205331587287944),Auslaufbrunnen mit Tränke,17,
TRINKBRUNNENOGD.fid-761673fc_19a031f728b_-6c2e,6152676,POINT (16.337405995102824 48.20173714986981),Auslaufbrunnen mit Tränke,17,
TRINKBRUNNENOGD.fid-761673fc_19a031f728b_-6c2d,6152677,POINT (16.36797661578093 48.22055497261565),Trinkhydrant mit Tränke,18,
TRINKBRUNNENOGD.fid-761673fc_19a031f728b_-6c2c,6152678,POINT (16.36902064746493 48.205010983211785),Trinkhydrant mit Tränke,18,
TRINKBRUNNENOGD.fid-761673fc_19a031f728b_-6c2b,6152679,POINT (16.3539492686157 48.19979412766082),Trinkhydrant mit Tränke,18,
TRINKBRUNNENOGD.fid-761673fc_19a031f728b_-6c2a,6152680,POINT (16.36061503050916 48.20932109269514),Trinkhydrant mit Tränke,18,
TRINKBRUNNENOGD.fid-761673fc_19a031f728b_-6c29,6152681,POINT (16.41540200800701 48.24254234194518),Trinkhydrant mit Tränke,18,
TRINKBRUNNENOGD.fid-761673fc_19a031f728b_-6c28,6152682,POINT (16.368160618831684 48.19083549722477),Trinkhydrant mit Tränke,18,
TRINKBRUNNENOGD.fid-761673fc_19a031f728b_-6c27,6152683,POINT (16.35374077939301 48.185512630488645),Trinkhydrant mit Tränke,18,
TRINKBRUNNENOGD.fid-761673fc_19a031f728b_-6c26,6152684,POINT (16.40716112670159 48.23008118911314),Trinkhydrant mit Tränke,18,
TRINKBRUNNENOGD.fid-761673fc_19a031f728b_-6c25,6152685,POINT (16.405675307706602 48.16648979136199),Trinkhydrant mit Tränke,18,
TRINKBRUNNENOGD.fid-761673fc_19a031f728b_-6c24,6152686,POINT (16.28966453825951 48.25798821538445),Trinkhydrant mit Tränke,18,
TRINKBRUNNENOGD.fid-761673fc_19a031f728b_-6c23,6152687,POINT (16.349065414623627 48.203250413437914),Trinkhydrant mit Tränke,18,
TRINKBRUNNENOGD.fid-761673fc_19a031f728b_-6c22,6152688,POINT (16.349054817000415 48.200696876976274),Trinkhydrant mit Tränke,18,
TRINKBRUNNENOGD.fid-761673fc_19a031f728b_-6c21,6152689,POINT (16.349123576275655 48.20224372556301),Trinkhydrant mit Tränke,18,
TRINKBRUNNENOGD.fid-761673fc_19a031f728b_-6c20,6152690,POINT (16.36702415892062 48.19381711029625),Trinkhydrant mit Tränke,18,
TRINKBRUNNENOGD.fid-761673fc_19a031f728b_-6c1f,6152691,POINT (16.26254030746242 48.218708549448486),Trinkhydrant mit Tränke,18,
TRINKBRUNNENOGD.fid-761673fc_19a031f728b_-6c1e,6152692,POINT (16.348989522741157 48.2015730947995),Trinkhydrant mit Tränke,18,
TRINKBRUNNENOGD.fid-761673fc_19a031f728b_-6c1d,6152693,POINT (16.34531199353261 48.21204659045809),Trinkhydrant mit Tränke,18,
TRINKBRUNNENOGD.fid-761673fc_19a031f728b_-6c1c,6152694,POINT (16.370758879952483 48.18601109954013),Trinkhydrant mit Tränke,18,
TRINKBRUNNENOGD.fid-761673fc_19a031f728b_-6c1b,6152695,POINT (16.364340416137455 48.2200702903149),Trinkhydrant mit Tränke,18,
TRINKBRUNNENOGD.fid-761673fc_19a031f728b_-6c1a,6152696,POINT (16.339385955004428 48.215944925557174),Trinkhydrant mit Tränke,18,
TRINKBRUNNENOGD.fid-761673fc_19a031f728b_-6c19,6152697,POINT (16.350197076154707 48.19188678643953),Trinkhydrant mit Tränke,18,
TRINKBRUNNENOGD.fid-761673fc_19a031f728b_-6c18,6152698,POINT (16.34362231678315 48.2090843322433),Trinkhydrant mit Tränke,18,
TRINKBRUNNENOGD.fid-761673fc_19a031f728b_-6c17,6152699,POINT (16.44597976686472 48.2304492548623),Trinkhydrant mit Tränke,18,
TRINKBRUNNENOGD.fid-761673fc_19a031f728b_-6c16,6152700,POINT (16.353088793328 48.18813343273461),Trinkhydrant mit Tränke,18,
TRINKBRUNNENOGD.fid-761673fc_19a031f728b_-6c15,6152701,POINT (16.38533751573875 48.19726183791118),Trinkhydrant mit Tränke,18,
TRINKBRUNNENOGD.fid-761673fc_19a031f728b_-6c14,6152702,POINT (16.38302548877824 48.21318318637627),Trinkhydrant mit Tränke,18,
TRINKBRUNNENOGD.fid-761673fc_19a031f728b_-6c13,6152703,POINT (16.345629064321667 48.21444045072886),Auslaufbrunnen mit Tränke,17,
TRINKBRUNNENOGD.fid-761673fc_19a031f728b_-6c12,6152704,POINT (16.365274976102015 48.19452879306813),Trinkhydrant mit Tränke,18,
TRINKBRUNNENOGD.fid-761673fc_19a031f728b_-6c11,6152705,POINT (16.32543332800007 48.20543557081745),Trinkhydrant mit Tränke,18,
TRINKBRUNNENOGD.fid-761673fc_19a031f728b_-6c10,6152706,POINT (16.343151427435718 48.20166881082031),Trinkhydrant mit Tränke,18,
TRINKBRUNNENOGD.fid-761673fc_19a031f728b_-6c0f,6152707,POINT (16.364205773434232 48.20665520125027),Trinkhydrant mit Tränke,18,
TRINKBRUNNENOGD.fid-761673fc_19a031f728b_-6c0e,6152708,POINT (16.310043725063004 48.12599514180408),Auslaufbrunnen mit Tränke,17,
TRINKBRUNNENOGD.fid-761673fc_19a031f728b_-6c0d,6152709,POINT (16.366551865617858 48.1778307062526),Trinkhydrant mit Tränke,18,
TRINKBRUNNENOGD.fid-761673fc_19a031f728b_-6c0c,6152710,POINT (16.28412412632275 48.21997939330556),Trinkhydrant mit Tränke,18,
TRINKBRUNNENOGD.fid-761673fc_19a031f728b_-6c0b,6152711,POINT (16.399028908644677 48.19234831250719),Trinkhydrant mit Tränke,18,
TRINKBRUNNENOGD.fid-761673fc_19a031f728b_-6c0a,6152712,POINT (16.37115616126982 48.170802957567766),Trinkhydrant mit Tränke,18,
TRINKBRUNNENOGD.fid-761673fc_19a031f728b_-6c09,6152713,POINT (16.363588024729854 48.19169588780178),Trinkhydrant mit Tränke,18,
TRINKBRUNNENOGD.fid-761673fc_19a031f728b_-6c08,6152714,POINT (16.376426206906757 48.201724257163725),Trinkhydrant mit Tränke,18,
TRINKBRUNNENOGD.fid-761673fc_19a031f728b_-6c07,6152715,POINT (16.369548679096532 48.20922491885038),Trinkhydrant mit Tränke,18,
TRINKBRUNNENOGD.fid-761673fc_19a031f728b_-6c06,6152716,POINT (16.340840766045126 48.2094487744141),Trinkhydrant mit Tränke,18,
TRINKBRUNNENOGD.fid-761673fc_19a031f728b_-6c05,6152717,POINT (16.350488340318083 48.209607236253746),Trinkhydrant mit Tränke,18,
TRINKBRUNNENOGD.fid-761673fc_19a031f728b_-6c04,6152718,POINT (16.346082758928432 48.20858794834776),Trinkhydrant mit Tränke,18,
TRINKBRUNNENOGD.fid-761673fc_19a031f728b_-6c03,6152719,POINT (16.368835461102346 48.20458157895062),Trinkhydrant mit Tränke,18,
TRINKBRUNNENOGD.fid-761673fc_19a031f728b_-6c02,6152720,POINT (16.36947229654545 48.17750586981756),Trinkhydrant mit Tränke,18,
TRINKBRUNNENOGD.fid-761673fc_19a031f728b_-6c01,6152721,POINT (16.459114891706626 48.254265479759624),Trinkhydrant mit Tränke,18,
TRINKBRUNNENOGD.fid-761673fc_19a031f728b_-6c00,6152722,POINT (16.36783631901879 48.21057397183057),Trinkhydrant mit Tränke,18,
TRINKBRUNNENOGD.fid-761673fc_19a031f728b_-6bff,6152723,POINT (16.457244708475788 48.20446483871953),Auslaufbrunnen mit Tränke,17,
TRINKBRUNNENOGD.fid-761673fc_19a031f728b_-6bfe,6152724,POINT (16.29577575181524 48.20257334655513),Trinkhydrant mit Tränke,18,
TRINKBRUNNENOGD.fid-761673fc_19a031f728b_-6bfd,6152725,POINT (16.393643024520703 48.210666596644685),Trinkhydrant mit Tränke,18,
TRINKBRUNNENOGD.fid-761673fc_19a031f728b_-6bfc,6152726,POINT (16.327947064316817 48.23300736836213),Auslaufbrunnen mit Tränke,17,
TRINKBRUNNENOGD.fid-761673fc_19a031f728b_-6bfb,6152727,POINT (16.27150850638927 48.19622706910275),Trinkhydrant mit Tränke,18,
TRINKBRUNNENOGD.fid-761673fc_19a031f728b_-6bfa,6152728,POINT (16.320795299888662 48.197926616562235),Auslaufbrunnen mit Tränke,17,
TRINKBRUNNENOGD.fid-761673fc_19a031f728b_-6bf9,6152729,POINT (16.40701751304399 48.305356826615515),Auslaufbrunnen mit Tränke,17,
TRINKBRUNNENOGD.fid-761673fc_19a031f728b_-6bf8,6152730,POINT (16.339136681398024 48.202732848915424),Auslaufbrunnen mit Tränke,17,
TRINKBRUNNENOGD.fid-761673fc_19a031f728b_-6bf7,6152731,POINT (16.508433328585028 48.16669785524601),Auslaufbrunnen mit Tränke,17,
TRINKBRUNNENOGD.fid-761673fc_19a031f728b_-6bf6,6152732,POINT (16.256040609817973 48.20363950022133),Auslaufbrunnen mit Tränke,17,
TRINKBRUNNENOGD.fid-761673fc_19a031f728b_-6bf5,6152733,POINT (16.288817471090557 48.21566199202521),Auslaufbrunnen mit Tränke,17,
TRINKBRUNNENOGD.fid-761673fc_19a031f728b_-6bf4,6152734,POINT (16.25553969788841 48.207214266720754),Auslaufbrunnen mit Tränke,17,
TRINKBRUNNENOGD.fid-761673fc_19a031f728b_-6bf3,6152735,POINT (16.358287161840142 48.19166914351523),Mobiler Trinkbrunnen mit Sprühnebelfunktion,14,
TRINKBRUNNENOGD.fid-761673fc_19a031f728b_-6bf2,6152736,POINT (16.337456679562727 48.190513014221),Mobiler Trinkbrunnen mit Sprühnebelfunktion,14,
TRINKBRUNNENOGD.fid-761673fc_19a031f728b_-6bf1,6152737,POINT (16.42044564239512 48.170015221309036),Mobiler Trinkbrunnen mit Sprühnebelfunktion,14,
TRINKBRUNNENOGD.fid-761673fc_19a031f728b_-6bf0,6152738,POINT (16.363402042129923 48.206176900392585),Mobiler Trinkbrunnen mit Sprühnebelfunktion,14,
TRINKBRUNNENOGD.fid-761673fc_19a031f728b_-6bef,6152739,POINT (16.39293254089994 48.200637858137796),Mobiler Trinkbrunnen mit Sprühnebelfunktion,14,
TRINKBRUNNENOGD.fid-761673fc_19a031f728b_-6bee,6152740,POINT (16.417530539504945 48.18552779676515),Mobiler Trinkbrunnen mit Sprühnebelfunktion,14,
TRINKBRUNNENOGD.fid-761673fc_19a031f728b_-6bed,6152741,POINT (16.358157692280745 48.214146032894824),Mobiler Trinkbrunnen mit Sprühnebelfunktion,14,
TRINKBRUNNENOGD.fid-761673fc_19a031f728b_-6bec,6152742,POINT (16.268805601471378 48.187951731437124),Mobiler Trinkbrunnen mit Sprühnebelfunktion,14,
TRINKBRUNNENOGD.fid-761673fc_19a031f728b_-6beb,6152743,POINT (16.344618943772375 48.22568103585982),Trinkbrunnen,4,
TRINKBRUNNENOGD.fid-761673fc_19a031f728b_-6bea,6152744,POINT (16.33661018932592 48.2752012044249),Trinkbrunnen,4,
TRINKBRUNNENOGD.fid-761673fc_19a031f728b_-6be9,6152745,POINT (16.33426205976575 48.22132469892032),Trinkbrunnen,4,
TRINKBRUNNENOGD.fid-761673fc_19a031f728b_-6be8,6152746,POINT (16.36340794404146 48.21287277960804),Trinkbrunnen,4,
TRINKBRUNNENOGD.fid-761673fc_19a031f728b_-6be7,6152747,POINT (16.377654995097203 48.17398138562023),Trinkbrunnen,4,
TRINKBRUNNENOGD.fid-761673fc_19a031f728b_-6be6,6152748,POINT (16.33491497805331 48.21916100555419),Trinkbrunnen,4,
TRINKBRUNNENOGD.fid-761673fc_19a031f728b_-6be5,6152749,POINT (16.335757328718195 48.20974349436148),Trinkbrunnen,4,
TRINKBRUNNENOGD.fid-761673fc_19a031f728b_-6be4,6152750,POINT (16.418925005581155 48.23162439257331),Trinkbrunnen,4,
TRINKBRUNNENOGD.fid-761673fc_19a031f728b_-6be3,6152751,POINT (16.319416674579912 48.24553826531504),Trinkbrunnen,4,
TRINKBRUNNENOGD.fid-761673fc_19a031f728b_-6be2,6152752,POINT (16.32380845136116 48.25076967624292),Trinkbrunnen,4,
TRINKBRUNNENOGD.fid-761673fc_19a031f728b_-6be1,6152753,POINT (16.33625547628982 48.21182211488758),Trinkbrunnen,4,
TRINKBRUNNENOGD.fid-761673fc_19a031f728b_-6be0,6152754,POINT (16.335074174279494 48.213850220752214),Trinkbrunnen,4,
TRINKBRUNNENOGD.fid-761673fc_19a031f728b_-6bdf,6152123,POINT (16.43086153701222 48.27570921982222),Trinkhydrant,10,
TRINKBRUNNENOGD.fid-761673fc_19a031f728b_-6bde,6152124,POINT (16.31996330754328 48.20455869836605),Trinkhydrant,10,
TRINKBRUNNENOGD.fid-761673fc_19a031f728b_-6bdd,6152125,POINT (16.36906813958304 48.17857687312677),Trinkhydrant,10,
TRINKBRUNNENOGD.fid-761673fc_19a031f728b_-6bdc,6152126,POINT (16.42796121763171 48.27366015261065),Trinkhydrant,10,
TRINKBRUNNENOGD.fid-761673fc_19a031f728b_-6bdb,6152127,POINT (16.39486691236696 48.20785460782852),Trinkhydrant,10,
TRINKBRUNNENOGD.fid-761673fc_19a031f728b_-6bda,6152128,POINT (16.328938428115478 48.198550783327704),Trinkhydrant,10,
TRINKBRUNNENOGD.fid-761673fc_19a031f728b_-6bd9,6152129,POINT (16.341418729281397 48.15710903703595),Trinkhydrant,10,
TRINKBRUNNENOGD.fid-761673fc_19a031f728b_-6bd8,6152130,POINT (16.305727146712393 48.191841530393106),Trinkhydrant,10,
TRINKBRUNNENOGD.fid-761673fc_19a031f728b_-6bd7,6152131,POINT (16.3879889876148 48.19099704109795),Trinkhydrant,10,
TRINKBRUNNENOGD.fid-761673fc_19a031f728b_-6bd6,6152132,POINT (16.43810185445394 48.20762132352282),Trinkhydrant,10,
TRINKBRUNNENOGD.fid-761673fc_19a031f728b_-6bd5,6152133,POINT (16.42043863068965 48.22702525573363),Trinkhydrant,10,
TRINKBRUNNENOGD.fid-761673fc_19a031f728b_-6bd4,6152134,POINT (16.315685005037178 48.219331799639036),Trinkhydrant,10,
TRINKBRUNNENOGD.fid-761673fc_19a031f728b_-6bd3,6152135,POINT (16.425846023740903 48.2245360744813),Auslaufbrunnen,7,
TRINKBRUNNENOGD.fid-761673fc_19a031f728b_-6bd2,6152136,POINT (16.338095572126836 48.19111031948413),Trinkhydrant,10,
TRINKBRUNNENOGD.fid-761673fc_19a031f728b_-6bd1,6152137,POINT (16.41656140924178 48.217785327697854),Auslaufbrunnen,7,
TRINKBRUNNENOGD.fid-761673fc_19a031f728b_-6bd0,6152138,POINT (16.386092043622575 48.24272463619928),Auslaufbrunnen,7,
TRINKBRUNNENOGD.fid-761673fc_19a031f728b_-6bcf,6152139,POINT (16.417049926260447 48.22253834267657),Auslaufbrunnen,7,
TRINKBRUNNENOGD.fid-761673fc_19a031f728b_-6bce,6152140,POINT (16.4331307047533 48.20587932105818),Auslaufbrunnen,7,
TRINKBRUNNENOGD.fid-761673fc_19a031f728b_-6bcd,6152141,POINT (16.40280921692833 48.23351498246354),Auslaufbrunnen,7,
TRINKBRUNNENOGD.fid-761673fc_19a031f728b_-6bcc,6152142,POINT (16.41388781573957 48.219709609097585),Auslaufbrunnen,7,
TRINKBRUNNENOGD.fid-761673fc_19a031f728b_-6bcb,6152143,POINT (16.405316599431753 48.23100035616017),Auslaufbrunnen,7,
TRINKBRUNNENOGD.fid-761673fc_19a031f728b_-6bca,6152144,POINT (16.402929669923743 48.228062982134226),Auslaufbrunnen,7,
TRINKBRUNNENOGD.fid-761673fc_19a031f728b_-6bc9,6152145,POINT (16.351978845039742 48.19391559596617),Auslaufbrunnen,7,
TRINKBRUNNENOGD.fid-761673fc_19a031f728b_-6bc8,6152146,POINT (16.349457834477466 48.22440676558862),Auslaufbrunnen,7,
TRINKBRUNNENOGD.fid-761673fc_19a031f728b_-6bc7,6152147,POINT (16.440035252411434 48.14690516454352),Auslaufbrunnen,7,
TRINKBRUNNENOGD.fid-761673fc_19a031f728b_-6bc6,6152148,POINT (16.343930246101728 48.270307560143515),Trinkhydrant,10,
TRINKBRUNNENOGD.fid-761673fc_19a031f728b_-6bc5,6152149,POINT (16.32992383589771 48.19995079592816),Trinkhydrant,10,
TRINKBRUNNENOGD.fid-761673fc_19a031f728b_-6bc4,6152150,POINT (16.31700331429774 48.20076098801337),Trinkhydrant,10,
TRINKBRUNNENOGD.fid-761673fc_19a031f728b_-6bc3,6152151,POINT (16.350964314839555 48.19955195365257),Trinkhydrant,10,
TRINKBRUNNENOGD.fid-761673fc_19a031f728b_-6bc2,6152152,POINT (16.38095275280798 48.30113114445698),Trinkhydrant,10,
TRINKBRUNNENOGD.fid-761673fc_19a031f728b_-6bc1,6152153,POINT (16.331492395050162 48.18676922498912),Trinkhydrant,10,
TRINKBRUNNENOGD.fid-761673fc_19a031f728b_-6bc0,6152154,POINT (16.365864710226486 48.22525638022611),Trinkhydrant,10,
TRINKBRUNNENOGD.fid-761673fc_19a031f728b_-6bbf,6152155,POINT (16.381885879410824 48.213549107202525),Auslaufbrunnen,7,
TRINKBRUNNENOGD.fid-761673fc_19a031f728b_-6bbe,6152156,POINT (16.49848597271178 48.25542344624498),Trinkhydrant,10,
TRINKBRUNNENOGD.fid-761673fc_19a031f728b_-6bbd,6152157,POINT (16.383323373003844 48.150058253051014),Auslaufbrunnen,7,
TRINKBRUNNENOGD.fid-761673fc_19a031f728b_-6bbc,6152158,POINT (16.336521212064635 48.20880949193304),Trinkhydrant,10,
TRINKBRUNNENOGD.fid-761673fc_19a031f728b_-6bbb,6152159,POINT (16.333503633456782 48.18818436787241),Trinkhydrant,10,
TRINKBRUNNENOGD.fid-761673fc_19a031f728b_-6bba,6152160,POINT (16.300669995675456 48.1851197199312),Trinkhydrant,10,
TRINKBRUNNENOGD.fid-761673fc_19a031f728b_-6bb9,6152161,POINT (16.34855350344032 48.21492095254178),Trinkhydrant,10,
TRINKBRUNNENOGD.fid-761673fc_19a031f728b_-6bb8,6152162,POINT (16.316019443948313 48.21797596139859),Trinkhydrant,10,
TRINKBRUNNENOGD.fid-761673fc_19a031f728b_-6bb7,6152163,POINT (16.331742670826795 48.21730429111112),Auslaufbrunnen,7,
TRINKBRUNNENOGD.fid-761673fc_19a031f728b_-6bb6,6152164,POINT (16.22970620505943 48.148997302870185),Auslaufbrunnen,7,
TRINKBRUNNENOGD.fid-761673fc_19a031f728b_-6bb5,6152165,POINT (16.32172595481783 48.21869967555419),Auslaufbrunnen,7,
TRINKBRUNNENOGD.fid-761673fc_19a031f728b_-6bb4,6152166,POINT (16.494039831027493 48.225675458043774),Trinkhydrant,10,
TRINKBRUNNENOGD.fid-761673fc_19a031f728b_-6bb3,6152167,POINT (16.386486352633938 48.188517011240606),Trinkhydrant,10,
TRINKBRUNNENOGD.fid-761673fc_19a031f728b_-6bb2,6152168,POINT (16.30690978500958 48.2073745996357),Trinkhydrant,10,
TRINKBRUNNENOGD.fid-761673fc_19a031f728b_-6bb1,6152169,POINT (16.339775015360903 48.20612468855939),Trinkhydrant,10,
TRINKBRUNNENOGD.fid-761673fc_19a031f728b_-6bb0,6152170,POINT (16.54514238646123 48.23316690928555),Trinkhydrant,10,
TRINKBRUNNENOGD.fid-761673fc_19a031f728b_-6baf,6151532,POINT (16.369335383264474 48.22646067365026),Trinkbrunnen mit Tränke,5,
TRINKBRUNNENOGD.fid-761673fc_19a031f728b_-6bae,6151533,POINT (16.369486431299965 48.22641393638044),Zierbrunnen,6,
TRINKBRUNNENOGD.fid-761673fc_19a031f728b_-6bad,6151534,POINT (16.369288642138297 48.22622321742012),Spielbrunnen,3,
TRINKBRUNNENOGD.fid-761673fc_19a031f728b_-6bac,6151535,POINT (16.376594202664144 48.23190810630812),Trinkbrunnen,4,
TRINKBRUNNENOGD.fid-761673fc_19a031f728b_-6bab,6151536,POINT (16.37273526614081 48.23544301248076),Trinkbrunnen mit Tränke,5,
TRINKBRUNNENOGD.fid-761673fc_19a031f728b_-6baa,6151537,POINT (16.36330880478427 48.23071384241306),Trinkbrunnen,4,
TRINKBRUNNENOGD.fid-761673fc_19a031f728b_-6ba9,6151538,POINT (16.36481405010478 48.23486642180161),Trinkbrunnen mit Tränke,5,
TRINKBRUNNENOGD.fid-761673fc_19a031f728b_-6ba8,6151539,POINT (16.404823126780006 48.14646436849736),Zierbrunnen,6,
TRINKBRUNNENOGD.fid-761673fc_19a031f728b_-6ba7,6151540,POINT (16.28050174074167 48.13600474480628),Trinkbrunnen mit Tränke,5,
TRINKBRUNNENOGD.fid-761673fc_19a031f728b_-6ba6,6151541,POINT (16.43803193030819 48.26992835918394),Trinkbrunnen mit Tränke,5,
TRINKBRUNNENOGD.fid-761673fc_19a031f728b_-6ba5,6151542,POINT (16.388835930916507 48.26681570061081),Spielbrunnen,3,
TRINKBRUNNENOGD.fid-761673fc_19a031f728b_-6ba4,6151543,POINT (16.455934595092508 48.276751593738084),Trinkbrunnen mit Tränke,5,
TRINKBRUNNENOGD.fid-761673fc_19a031f728b_-6ba3,6151544,POINT (16.445088079982927 48.27166098196666),Spielbrunnen,3,
TRINKBRUNNENOGD.fid-761673fc_19a031f728b_-6ba2,6151545,POINT (16.382567157426568 48.27757894939265),Trinkbrunnen mit Tränke,5,
TRINKBRUNNENOGD.fid-761673fc_19a031f728b_-6ba1,6151546,POINT (16.398782564370507 48.252485793134724),Trinkbrunnen mit Tränke,5,
TRINKBRUNNENOGD.fid-761673fc_19a031f728b_-6ba0,6151547,POINT (16.347986255475107 48.231656303871446),Trinkbrunnen mit Tränke,5,
TRINKBRUNNENOGD.fid-761673fc_19a031f728b_-6b9f,6151548,POINT (16.359297667897305 48.21186116956079),Spielbrunnen,3,
TRINKBRUNNENOGD.fid-761673fc_19a031f728b_-6b9e,6151549,POINT (16.35978095476669 48.21095251363764),Zierbrunnen,6,
TRINKBRUNNENOGD.fid-761673fc_19a031f728b_-6b9d,6151550,POINT (16.359535533739965 48.21011319550378),Zierbrunnen,6,
TRINKBRUNNENOGD.fid-761673fc_19a031f728b_-6b9c,6151551,POINT (16.35941786838382 48.210224661541375),Trinkbrunnen,4,
TRINKBRUNNENOGD.fid-761673fc_19a031f728b_-6b9b,6151552,POINT (16.27905174301348 48.2063709187178),Trinkbrunnen mit Tränke,5,
TRINKBRUNNENOGD.fid-761673fc_19a031f728b_-6b9a,6151553,POINT (16.330653637054464 48.245927343284805),Trinkbrunnen mit Tränke,5,
TRINKBRUNNENOGD.fid-761673fc_19a031f728b_-6b99,6151554,POINT (16.31293505798207 48.18781816978742),Zierbrunnen,6,
TRINKBRUNNENOGD.fid-761673fc_19a031f728b_-6b98,6151555,POINT (16.497379623258052 48.22510637189053),Trinkbrunnen,4,
TRINKBRUNNENOGD.fid-761673fc_19a031f728b_-6b97,6151556,POINT (16.497729149655232 48.2260754816986),Spielbrunnen,3,
TRINKBRUNNENOGD.fid-761673fc_19a031f728b_-6b96,6151557,POINT (16.500395282039516 48.227031807145046),Trinkbrunnen,4,
TRINKBRUNNENOGD.fid-761673fc_19a031f728b_-6b95,6151558,POINT (16.504727946556585 48.22702278634656),Trinkbrunnen,4,
TRINKBRUNNENOGD.fid-761673fc_19a031f728b_-6b94,6151559,POINT (16.506262241851292 48.22631842847631),Trinkbrunnen mit Tränke,5,
TRINKBRUNNENOGD.fid-761673fc_19a031f728b_-6b93,6151560,POINT (16.41721592970037 48.23116171871486),Trinkbrunnen,4,
TRINKBRUNNENOGD.fid-761673fc_19a031f728b_-6b92,6151561,POINT (16.424698889804745 48.22589792101286),Spielbrunnen,3,
TRINKBRUNNENOGD.fid-761673fc_19a031f728b_-6b91,6151562,POINT (16.449859233731615 48.2317513790137),Trinkbrunnen mit Tränke,5,
TRINKBRUNNENOGD.fid-761673fc_19a031f728b_-6b90,6151563,POINT (16.4494446595626 48.23680257077867),Trinkbrunnen,4,
TRINKBRUNNENOGD.fid-761673fc_19a031f728b_-6b8f,6151564,POINT (16.45317247466082 48.23757306093193),Trinkbrunnen,4,
TRINKBRUNNENOGD.fid-761673fc_19a031f728b_-6b8e,6151565,POINT (16.472500140310505 48.24582787813),Spielbrunnen,3,
TRINKBRUNNENOGD.fid-761673fc_19a031f728b_-6b8d,6151566,POINT (16.3601289165493 48.21452192685886),Trinkbrunnen mit Tränke,5,
TRINKBRUNNENOGD.fid-761673fc_19a031f728b_-6b8c,6151567,POINT (16.435178242012924 48.230604047153),Trinkbrunnen mit Tränke,5,
TRINKBRUNNENOGD.fid-761673fc_19a031f728b_-6b8b,6151568,POINT (16.441216812792053 48.24081709807846),Trinkbrunnen mit Tränke,5,
TRINKBRUNNENOGD.fid-761673fc_19a031f728b_-6b8a,6151569,POINT (16.338756526619587 48.184929696781296),Trinkbrunnen,4,
TRINKBRUNNENOGD.fid-761673fc_19a031f728b_-6b89,6151570,POINT (16.32478518461675 48.234071815050115),Trinkbrunnen mit Tränke,5,
TRINKBRUNNENOGD.fid-761673fc_19a031f728b_-6b88,6151571,POINT (16.320503497750845 48.24101527973691),Trinkbrunnen mit Tränke,5,
TRINKBRUNNENOGD.fid-761673fc_19a031f728b_-6b87,6151572,POINT (16.325825769860547 48.244692581845484),Trinkbrunnen,4,
TRINKBRUNNENOGD.fid-761673fc_19a031f728b_-6b86,6151573,POINT (16.35772179210445 48.24327099482642),Trinkbrunnen mit Tränke,5,
TRINKBRUNNENOGD.fid-761673fc_19a031f728b_-6b85,6151574,POINT (16.34401899970335 48.245618343730506),Trinkbrunnen,4,
TRINKBRUNNENOGD.fid-761673fc_19a031f728b_-6b84,6151575,POINT (16.33874219550326 48.24489358566539),Trinkbrunnen mit Tränke,5,
TRINKBRUNNENOGD.fid-761673fc_19a031f728b_-6b83,6152091,POINT (16.323761907509123 48.19137135616855),Auslaufbrunnen,7,
TRINKBRUNNENOGD.fid-761673fc_19a031f728b_-6b82,6152092,POINT (16.356821569546987 48.2047787635834),Trinkhydrant,10,
TRINKBRUNNENOGD.fid-761673fc_19a031f728b_-6b81,6152093,POINT (16.37845263256051 48.18125585635679),Trinkhydrant,10,
TRINKBRUNNENOGD.fid-761673fc_19a031f728b_-6b80,6152094,POINT (16.35663438666608 48.19035633716612),Trinkhydrant,10,
TRINKBRUNNENOGD.fid-761673fc_19a031f728b_-6b7f,6152095,POINT (16.412367207876567 48.230214929234556),Trinkhydrant,10,
TRINKBRUNNENOGD.fid-761673fc_19a031f728b_-6b7e,6152096,POINT (16.32711445015732 48.19644326953802),Trinkhydrant,10,
TRINKBRUNNENOGD.fid-761673fc_19a031f728b_-6b7d,6152097,POINT (16.353602728940672 48.23641521337637),Trinkhydrant,10,
TRINKBRUNNENOGD.fid-761673fc_19a031f728b_-6b7c,6152098,POINT (16.358400333559935 48.19307813019073),Trinkhydrant,10,
TRINKBRUNNENOGD.fid-761673fc_19a031f728b_-6b7b,6152099,POINT (16.48528574976225 48.23642906426534),Trinkhydrant,10,
TRINKBRUNNENOGD.fid-761673fc_19a031f728b_-6b7a,6152100,POINT (16.33655630151688 48.19495038132464),Trinkhydrant,10,
TRINKBRUNNENOGD.fid-761673fc_19a031f728b_-6b79,6152101,POINT (16.43914247161116 48.24112202879351),Trinkhydrant,10,
TRINKBRUNNENOGD.fid-761673fc_19a031f728b_-6b78,6152102,POINT (16.268081834279947 48.19054369972519),Trinkhydrant,10,
TRINKBRUNNENOGD.fid-761673fc_19a031f728b_-6b77,6152103,POINT (16.342081380132623 48.19628872262264),Trinkhydrant,10,
TRINKBRUNNENOGD.fid-761673fc_19a031f728b_-6b76,6152104,POINT (16.297286759045146 48.23786525446551),Trinkhydrant,10,
TRINKBRUNNENOGD.fid-761673fc_19a031f728b_-6b75,6152105,POINT (16.43927632814794 48.2679200524002),Trinkhydrant,10,
TRINKBRUNNENOGD.fid-761673fc_19a031f728b_-6b74,6152106,POINT (16.369336937235957 48.17705644251765),Trinkhydrant,10,
TRINKBRUNNENOGD.fid-761673fc_19a031f728b_-6b73,6152107,POINT (16.45816908293328 48.25450997066195),Trinkhydrant,10,
TRINKBRUNNENOGD.fid-761673fc_19a031f728b_-6b72,6152108,POINT (16.30985563026166 48.16848766422117),Trinkhydrant,10,
TRINKBRUNNENOGD.fid-761673fc_19a031f728b_-6b71,6152109,POINT (16.451679760620287 48.28262864051012),Trinkhydrant,10,
TRINKBRUNNENOGD.fid-761673fc_19a031f728b_-6b70,6152110,POINT (16.313814320350453 48.19642764331736),Trinkhydrant,10,
TRINKBRUNNENOGD.fid-761673fc_19a031f728b_-6b6f,6152111,POINT (16.542354206581592 48.21882626461955),Trinkhydrant,10,
TRINKBRUNNENOGD.fid-761673fc_19a031f728b_-6b6e,6152112,POINT (16.3274865313571 48.17635407679335),Trinkhydrant,10,
TRINKBRUNNENOGD.fid-761673fc_19a031f728b_-6b6d,6152113,POINT (16.390025085756193 48.20784366950347),Trinkhydrant,10,
TRINKBRUNNENOGD.fid-761673fc_19a031f728b_-6b6c,6152114,POINT (16.326904653958877 48.202327821693466),Trinkhydrant,10,
TRINKBRUNNENOGD.fid-761673fc_19a031f728b_-6b6b,6152115,POINT (16.28379577736973 48.22678931826494),Trinkhydrant,10,
TRINKBRUNNENOGD.fid-761673fc_19a031f728b_-6b6a,6152116,POINT (16.44566605847743 48.2543902622162),Trinkhydrant,10,
TRINKBRUNNENOGD.fid-761673fc_19a031f728b_-6b69,6152117,POINT (16.40894088529225 48.19741335810533),Trinkhydrant,10,
TRINKBRUNNENOGD.fid-761673fc_19a031f728b_-6b68,6152118,POINT (16.387367997478506 48.22174514920685),Trinkhydrant,10,
TRINKBRUNNENOGD.fid-761673fc_19a031f728b_-6b67,6152119,POINT (16.334412180357468 48.228379298854286),Trinkhydrant,10,
TRINKBRUNNENOGD.fid-761673fc_19a031f728b_-6b66,6152120,POINT (16.41557652498769 48.20525229401084),Auslaufbrunnen,7,
TRINKBRUNNENOGD.fid-761673fc_19a031f728b_-6b65,6152121,POINT (16.336426505744384 48.216168750131324),Auslaufbrunnen,7,
TRINKBRUNNENOGD.fid-761673fc_19a031f728b_-6b64,6152122,POINT (16.27734068232229 48.19791914769563),Trinkhydrant,10,
TRINKBRUNNENOGD.fid-761673fc_19a031f728b_-6b63,6151576,POINT (16.33772598018653 48.2448649817238),Trinkbrunnen mit Tränke,5,
TRINKBRUNNENOGD.fid-761673fc_19a031f728b_-6b62,6151577,POINT (16.337598795219186 48.244787444372186),Spielbrunnen,3,
TRINKBRUNNENOGD.fid-761673fc_19a031f728b_-6b61,6151578,POINT (16.392144035999117 48.26081342029673),Trinkbrunnen,4,
TRINKBRUNNENOGD.fid-761673fc_19a031f728b_-6b60,6151579,POINT (16.39129496532936 48.260716362230355),Spielbrunnen,3,
TRINKBRUNNENOGD.fid-761673fc_19a031f728b_-6b5f,6151580,POINT (16.39424336672022 48.252432520850924),Spielbrunnen,3,
TRINKBRUNNENOGD.fid-761673fc_19a031f728b_-6b5e,6151581,POINT (16.392180563022393 48.26305908565077),Trinkbrunnen mit Tränke,5,
TRINKBRUNNENOGD.fid-761673fc_19a031f728b_-6b5d,6151582,POINT (16.444068861545784 48.238760696305214),Trinkbrunnen mit Tränke,5,
TRINKBRUNNENOGD.fid-761673fc_19a031f728b_-6b5c,6151583,POINT (16.4908550665822 48.277789738879875),Trinkbrunnen mit Tränke,5,
TRINKBRUNNENOGD.fid-761673fc_19a031f728b_-6b5b,6151584,POINT (16.370777966623535 48.18221010413908),Sprühnebeldusche,11,
TRINKBRUNNENOGD.fid-761673fc_19a031f728b_-6b5a,6151585,POINT (16.370769755331803 48.18220985570149),Sprühnebeldusche,11,
TRINKBRUNNENOGD.fid-761673fc_19a031f728b_-6b59,6151586,POINT (16.370821896596937 48.182446168480695),Trinkbrunnen mit Tränke,5,
TRINKBRUNNENOGD.fid-761673fc_19a031f728b_-6b58,6151587,POINT (16.372105513433997 48.182768292970536),Sprühnebeldusche,11,
TRINKBRUNNENOGD.fid-761673fc_19a031f728b_-6b57,6151588,POINT (16.372109444501817 48.18276485271771),Sprühnebeldusche,11,
TRINKBRUNNENOGD.fid-761673fc_19a031f728b_-6b56,6151589,POINT (16.37211149988709 48.18276758152885),Sprühnebeldusche,11,
TRINKBRUNNENOGD.fid-761673fc_19a031f728b_-6b55,6151590,POINT (16.372302052921295 48.182588901196986),Trinkbrunnen mit Tränke,5,
TRINKBRUNNENOGD.fid-761673fc_19a031f728b_-6b54,6151591,POINT (16.43755493520432 48.200401389364096),Trinkbrunnen mit Tränke,5,
TRINKBRUNNENOGD.fid-761673fc_19a031f728b_-6b53,6151592,POINT (16.458223359096163 48.281780606014635),Spielbrunnen,3,
TRINKBRUNNENOGD.fid-761673fc_19a031f728b_-6b52,6151593,POINT (16.309685231895628 48.21269718688238),Trinkbrunnen mit Tränke,5,
TRINKBRUNNENOGD.fid-761673fc_19a031f728b_-6b51,6151594,POINT (16.30934942628043 48.21276542159488),Trinkbrunnen mit Tränke,5,
TRINKBRUNNENOGD.fid-761673fc_19a031f728b_-6b50,6151595,POINT (16.309253649810987 48.212854045344336),Sprühnebeldusche,11,
TRINKBRUNNENOGD.fid-761673fc_19a031f728b_-6b4f,6151596,POINT (16.406059217808625 48.175639823933054),Trinkbrunnen,4,
TRINKBRUNNENOGD.fid-761673fc_19a031f728b_-6b4e,6151597,POINT (16.269096481281746 48.161311163815746),Trinkbrunnen mit Tränke,5,
TRINKBRUNNENOGD.fid-761673fc_19a031f728b_-6b4d,6151598,POINT (16.418047609910086 48.182674881186834),Sprühnebeldusche,11,
TRINKBRUNNENOGD.fid-761673fc_19a031f728b_-6b4c,6151599,POINT (16.462880589357734 48.155420973292266),Trinkbrunnen mit Tränke,5,
TRINKBRUNNENOGD.fid-761673fc_19a031f728b_-6b4b,6151600,POINT (16.389922841163585 48.226861186653494),Trinkbrunnen mit Tränke,5,
TRINKBRUNNENOGD.fid-761673fc_19a031f728b_-6b4a,6151601,POINT (16.354676710763997 48.20610529830471),Trinkbrunnen mit Tränke,5,
TRINKBRUNNENOGD.fid-761673fc_19a031f728b_-6b49,6151602,POINT (16.44151710787704 48.24522107190536),Trinkbrunnen mit Tränke,5,
TRINKBRUNNENOGD.fid-761673fc_19a031f728b_-6b48,6151603,POINT (16.43916492736775 48.24709268951925),Sprühnebeldusche,11,
TRINKBRUNNENOGD.fid-761673fc_19a031f728b_-6b47,6151604,POINT (16.359479219490588 48.2119188404921),Trinkbrunnen,4,
TRINKBRUNNENOGD.fid-761673fc_19a031f728b_-6b46,6151605,POINT (16.355324575319177 48.181240508834314),Trinkbrunnen mit Tränke,5,
TRINKBRUNNENOGD.fid-761673fc_19a031f728b_-6b45,6151606,POINT (16.370564231977383 48.182199069771485),Bodenfontäne,12,
TRINKBRUNNENOGD.fid-761673fc_19a031f728b_-6b44,6151607,POINT (16.35870724389209 48.20932048039814),Trinkbrunnen,4,
TRINKBRUNNENOGD.fid-761673fc_19a031f728b_-6b43,6151608,POINT (16.468566051800252 48.15979312590236),Trinkbrunnen mit Tränke,5,
TRINKBRUNNENOGD.fid-761673fc_19a031f728b_-6b42,6151609,POINT (16.402737051110204 48.24755392326646),Spielbrunnen,3,
TRINKBRUNNENOGD.fid-761673fc_19a031f728b_-6b41,6151610,POINT (16.399829603981544 48.24900037087519),Trinkbrunnen mit Tränke,5,
TRINKBRUNNENOGD.fid-761673fc_19a031f728b_-6b40,6151611,POINT (16.33135538196906 48.182172436428154),Trinkbrunnen mit Tränke,5,
TRINKBRUNNENOGD.fid-761673fc_19a031f728b_-6b3f,6151612,POINT (16.391721325572703 48.22470682935396),Trinkbrunnen mit Tränke,5,
TRINKBRUNNENOGD.fid-761673fc_19a031f728b_-6b3e,6151613,POINT (16.39044828720256 48.225276939908305),Trinkbrunnen mit Tränke,5,
TRINKBRUNNENOGD.fid-761673fc_19a031f728b_-6b3d,6151614,POINT (16.359599197170514 48.210873078733684),Trinkbrunnen,4,
TRINKBRUNNENOGD.fid-761673fc_19a031f728b_-6b3c,6151615,POINT (16.43198065873915 48.247171239101235),Spielbrunnen,3,
TRINKBRUNNENOGD.fid-761673fc_19a031f728b_-6b3b,6151616,POINT (16.391692308777223 48.225100056399036),Wasserspielmöglichkeit,13,
TRINKBRUNNENOGD.fid-761673fc_19a031f728b_-6b3a,6151617,POINT (16.35540834748576 48.20641610155802),Trinkbrunnen mit Tränke,5,
TRINKBRUNNENOGD.fid-761673fc_19a031f728b_-6b39,6151618,POINT (16.356332878690573 48.2056636830725),Trinkbrunnen mit Tränke,5,
TRINKBRUNNENOGD.fid-761673fc_19a031f728b_-6b38,6151619,POINT (16.30505669223563 48.18793852206565),Trinkbrunnen mit Tränke,5,
TRINKBRUNNENOGD.fid-761673fc_19a031f728b_-6b37,6151620,POINT (16.371410987525643 48.18689854715249),Trinkbrunnen mit Tränke,5,
TRINKBRUNNENOGD.fid-761673fc_19a031f728b_-6b36,6151621,POINT (16.355247657791985 48.18140363964074),Spielbrunnen,3,
TRINKBRUNNENOGD.fid-761673fc_19a031f728b_-6b35,6151622,POINT (16.367876437542765 48.193028534913125),Trinkbrunnen mit Tränke,5,
TRINKBRUNNENOGD.fid-761673fc_19a031f728b_-6b34,6151623,POINT (16.418020025557496 48.23181761800839),Trinkbrunnen mit Tränke,5,
TRINKBRUNNENOGD.fid-761673fc_19a031f728b_-6b33,6151624,POINT (16.41891457790465 48.23172551314564),Trinkbrunnen mit Tränke,5,
TRINKBRUNNENOGD.fid-761673fc_19a031f728b_-6b32,6151625,POINT (16.44161969921038 48.156097170605825),Trinkbrunnen mit Tränke,5,
TRINKBRUNNENOGD.fid-761673fc_19a031f728b_-6b31,6151626,POINT (16.301592143415466 48.18791671394377),Trinkbrunnen,4,
TRINKBRUNNENOGD.fid-761673fc_19a031f728b_-6b30,6151627,POINT (16.471783438060385 48.15999825419347),Spielbrunnen,3,
TRINKBRUNNENOGD.fid-761673fc_19a031f728b_-6b2f,6151628,POINT (16.328634062338843 48.1730411823272),Trinkbrunnen mit Tränke,5,
TRINKBRUNNENOGD.fid-761673fc_19a031f728b_-6b2e,6151629,POINT (16.380477371456653 48.20483039017029),Zierbrunnen,6,
TRINKBRUNNENOGD.fid-761673fc_19a031f728b_-6b2d,6151630,POINT (16.36754207562602 48.223660988471124),Trinkbrunnen mit Tränke,5,
TRINKBRUNNENOGD.fid-761673fc_19a031f728b_-6b2c,6151631,POINT (16.373020937661124 48.19957669050898),Trinkbrunnen mit Tränke,5,
TRINKBRUNNENOGD.fid-761673fc_19a031f728b_-6b2b,6151632,POINT (16.35240896770129 48.1979682096248),Trinkbrunnen mit Tränke,5,
TRINKBRUNNENOGD.fid-761673fc_19a031f728b_-6b2a,6151633,POINT (16.524486743501072 48.21312472546127),Trinkbrunnen mit Tränke,5,
TRINKBRUNNENOGD.fid-761673fc_19a031f728b_-6b29,6151634,POINT (16.353318406415056 48.216025015251745),Trinkbrunnen mit Tränke,5,
TRINKBRUNNENOGD.fid-761673fc_19a031f728b_-6b28,6151635,POINT (16.350397411782055 48.21280092086853),Trinkbrunnen mit Tränke,5,
TRINKBRUNNENOGD.fid-761673fc_19a031f728b_-6b27,6151636,POINT (16.45720725983067 48.21473127771602),Wasserspielmöglichkeit,13,
TRINKBRUNNENOGD.fid-761673fc_19a031f728b_-6b26,6151637,POINT (16.44830707684683 48.24864433038962),Trinkbrunnen mit Tränke,5,
TRINKBRUNNENOGD.fid-761673fc_19a031f728b_-6b25,6151638,POINT (16.371977810910916 48.19932714888129),Trinkbrunnen mit Tränke,5,
TRINKBRUNNENOGD.fid-761673fc_19a031f728b_-6b24,6151639,POINT (16.393608694940045 48.27301467440835),Wasserspielmöglichkeit,13,
TRINKBRUNNENOGD.fid-761673fc_19a031f728b_-6b23,6151640,POINT (16.476688507228417 48.21416379110939),Trinkbrunnen,4,
TRINKBRUNNENOGD.fid-761673fc_19a031f728b_-6b22,6151641,POINT (16.40832005572948 48.204844301114065),Trinkbrunnen mit Tränke,5,
TRINKBRUNNENOGD.fid-761673fc_19a031f728b_-6b21,6151642,POINT (16.345730257421 48.20057704493755),Trinkbrunnen mit Tränke,5,
TRINKBRUNNENOGD.fid-761673fc_19a031f728b_-6b20,6151643,POINT (16.347343171125573 48.198899763484256),Trinkbrunnen mit Tränke,5,
TRINKBRUNNENOGD.fid-761673fc_19a031f728b_-6b1f,6151644,POINT (16.40210781600565 48.20588298057188),Trinkbrunnen,4,
TRINKBRUNNENOGD.fid-761673fc_19a031f728b_-6b1e,6151645,POINT (16.35797952820393 48.227068238394615),Trinkbrunnen mit Tränke,5,
TRINKBRUNNENOGD.fid-761673fc_19a031f728b_-6b1d,6151646,POINT (16.25754167571128 48.16599898259459),Trinkbrunnen mit Tränke,5,
TRINKBRUNNENOGD.fid-761673fc_19a031f728b_-6b1c,6151647,POINT (16.34535002202042 48.20884199952768),Trinkbrunnen mit Tränke,5,
TRINKBRUNNENOGD.fid-761673fc_19a031f728b_-6b1b,6151648,POINT (16.359129551584886 48.22373392361358),Zierbrunnen,6,
TRINKBRUNNENOGD.fid-761673fc_19a031f728b_-6b1a,6151649,POINT (16.372154499388234 48.19931232856279),Bodenfontäne,12,
TRINKBRUNNENOGD.fid-761673fc_19a031f728b_-6b19,6151650,POINT (16.348909523429192 48.21682449055453),Trinkbrunnen mit Tränke,5,
TRINKBRUNNENOGD.fid-761673fc_19a031f728b_-6b18,6151651,POINT (16.401461936255743 48.15062103317162),Trinkbrunnen,4,
TRINKBRUNNENOGD.fid-761673fc_19a031f728b_-6b17,6151652,POINT (16.35107073275383 48.21226221922205),Trinkbrunnen mit Tränke,5,
TRINKBRUNNENOGD.fid-761673fc_19a031f728b_-6b16,6151653,POINT (16.34398211093988 48.21394490069707),Trinkbrunnen mit Tränke,5,
TRINKBRUNNENOGD.fid-761673fc_19a031f728b_-6b15,6151654,POINT (16.30544703508152 48.15233188312892),Trinkbrunnen mit Tränke,5,
TRINKBRUNNENOGD.fid-761673fc_19a031f728b_-6b14,6151655,POINT (16.391022754904043 48.204634324588184),Spielbrunnen,3,
TRINKBRUNNENOGD.fid-761673fc_19a031f728b_-6b13,6151656,POINT (16.368638469062308 48.17068375191405),Trinkbrunnen mit Tränke,5,
TRINKBRUNNENOGD.fid-761673fc_19a031f728b_-6b12,6151657,POINT (16.28585782485777 48.19644795412524),Trinkbrunnen,4,
TRINKBRUNNENOGD.fid-761673fc_19a031f728b_-6b11,6151658,POINT (16.32592039946262 48.21466692496686),Trinkbrunnen,4,
TRINKBRUNNENOGD.fid-761673fc_19a031f728b_-6b10,6151659,POINT (16.3308976313866 48.197995377962314),Trinkbrunnen,4,
TRINKBRUNNENOGD.fid-761673fc_19a031f728b_-6b0f,6151660,POINT (16.331065451254986 48.19840759943298),Trinkbrunnen,4,
TRINKBRUNNENOGD.fid-761673fc_19a031f728b_-6b0e,6151661,POINT (16.397989247544192 48.20354527791833),Trinkbrunnen mit Tränke,5,
TRINKBRUNNENOGD.fid-761673fc_19a031f728b_-6b0d,6151662,POINT (16.317320856459773 48.20077135834425),Bodenfontäne,12,
TRINKBRUNNENOGD.fid-761673fc_19a031f728b_-6b0c,6151663,POINT (16.38922178530977 48.25662107481534),Bodenfontäne,12,
TRINKBRUNNENOGD.fid-761673fc_19a031f728b_-6b0b,6151664,POINT (16.314619958662796 48.20631934988832),Bodenfontäne,12,
TRINKBRUNNENOGD.fid-761673fc_19a031f728b_-6b0a,6151665,POINT (16.384580182732385 48.155766350536325),Wasserspielmöglichkeit,13,
TRINKBRUNNENOGD.fid-761673fc_19a031f728b_-6b09,6151666,POINT (16.38472634507046 48.16699463007315),Wasserspielmöglichkeit,13,
TRINKBRUNNENOGD.fid-761673fc_19a031f728b_-6b08,6151667,POINT (16.403045649674304 48.2264590196412),Wasserspielmöglichkeit,13,
TRINKBRUNNENOGD.fid-761673fc_19a031f728b_-6b07,6151668,POINT (16.275314871052032 48.19676906204677),Wasserspielmöglichkeit,13,
TRINKBRUNNENOGD.fid-761673fc_19a031f728b_-6b06,6151669,POINT (16.365680308052983 48.165556746766086),Trinkbrunnen mit Tränke,5,
TRINKBRUNNENOGD.fid-761673fc_19a031f728b_-6b05,6151670,POINT (16.38298406759195 48.27709486544685),Wasserspielmöglichkeit,13,
TRINKBRUNNENOGD.fid-761673fc_19a031f728b_-6b04,6151671,POINT (16.345365356117206 48.18009235429291),Trinkbrunnen,4,
TRINKBRUNNENOGD.fid-761673fc_19a031f728b_-6b03,6151672,POINT (16.381662424052312 48.203833567428056),Sprühnebeldusche,11,
TRINKBRUNNENOGD.fid-761673fc_19a031f728b_-6b02,6151673,POINT (16.381563340395967 48.20353824835934),Zierbrunnen,6,
TRINKBRUNNENOGD.fid-761673fc_19a031f728b_-6b01,6151674,POINT (16.38177557577244 48.20385490125975),Trinkbrunnen,4,
TRINKBRUNNENOGD.fid-761673fc_19a031f728b_-6b00,6151675,POINT (16.342370528347267 48.18788950364301),Trinkbrunnen mit Tränke,5,
TRINKBRUNNENOGD.fid-761673fc_19a031f728b_-6aff,6151676,POINT (16.389306079552334 48.29530392657273),Sprühnebeldusche,11,
TRINKBRUNNENOGD.fid-761673fc_19a031f728b_-6afe,6151677,POINT (16.345295518241855 48.18016515765517),Spielbrunnen,3,
TRINKBRUNNENOGD.fid-761673fc_19a031f728b_-6afd,6151678,POINT (16.40748869947121 48.28143792554488),Trinkbrunnen,4,
TRINKBRUNNENOGD.fid-761673fc_19a031f728b_-6afc,6151679,POINT (16.413090812912863 48.29713127524222),Trinkbrunnen,4,
TRINKBRUNNENOGD.fid-761673fc_19a031f728b_-6afb,6151680,POINT (16.3715383094867 48.21440879719393),Trinkbrunnen mit Tränke,5,
TRINKBRUNNENOGD.fid-761673fc_19a031f728b_-6afa,6151681,POINT (16.423627219486804 48.25905202202289),Wasserspielmöglichkeit,13,
TRINKBRUNNENOGD.fid-761673fc_19a031f728b_-6af9,6151682,POINT (16.42948304457036 48.27584734822284),Trinkbrunnen,4,
TRINKBRUNNENOGD.fid-761673fc_19a031f728b_-6af8,6151683,POINT (16.33797480662861 48.20736157566726),Trinkbrunnen mit Tränke,5,
TRINKBRUNNENOGD.fid-761673fc_19a031f728b_-6af7,6151684,POINT (16.423000728330408 48.276837262705854),Trinkbrunnen mit Tränke,5,
TRINKBRUNNENOGD.fid-761673fc_19a031f728b_-6af6,6151685,POINT (16.51876385282413 48.215372750372744),Trinkbrunnen mit Tränke,5,
TRINKBRUNNENOGD.fid-761673fc_19a031f728b_-6af5,6151686,POINT (16.381118197533297 48.203141617914696),Trinkbrunnen,4,
TRINKBRUNNENOGD.fid-761673fc_19a031f728b_-6af4,6151687,POINT (16.291164618440966 48.16194482258975),Trinkbrunnen mit Tränke,5,
TRINKBRUNNENOGD.fid-761673fc_19a031f728b_-6af3,6151688,POINT (16.422860190797213 48.27617678772024),Spielbrunnen,3,
TRINKBRUNNENOGD.fid-761673fc_19a031f728b_-6af2,6151689,POINT (16.36840311891069 48.2340848607281),Trinkbrunnen mit Tränke,5,
TRINKBRUNNENOGD.fid-761673fc_19a031f728b_-6af1,6151690,POINT (16.36843456653548 48.23407768703112),Sprühnebeldusche,11,
TRINKBRUNNENOGD.fid-761673fc_19a031f728b_-6af0,6151691,POINT (16.342938480445707 48.20752930586757),Trinkbrunnen mit Tränke,5,
TRINKBRUNNENOGD.fid-761673fc_19a031f728b_-6aef,6151692,POINT (16.368270992555257 48.24016444294376),Wasserspielmöglichkeit,13,
TRINKBRUNNENOGD.fid-761673fc_19a031f728b_-6aee,6151693,POINT (16.340660627948026 48.207613565934935),Trinkbrunnen mit Tränke,5,
TRINKBRUNNENOGD.fid-761673fc_19a031f728b_-6aed,6151694,POINT (16.3396869770569 48.188876396119184),Trinkbrunnen mit Tränke,5,
TRINKBRUNNENOGD.fid-761673fc_19a031f728b_-6aec,6151695,POINT (16.4152757097105 48.18102778963645),Trinkbrunnen mit Tränke,5,
TRINKBRUNNENOGD.fid-761673fc_19a031f728b_-6aeb,6151696,POINT (16.417668461393912 48.17740642759396),Trinkbrunnen mit Tränke,5,
TRINKBRUNNENOGD.fid-761673fc_19a031f728b_-6aea,6151697,POINT (16.384555905557818 48.155864334702144),Trinkbrunnen mit Tränke,5,
TRINKBRUNNENOGD.fid-761673fc_19a031f728b_-6ae9,6151698,POINT (16.405785543904866 48.27434955824138),Trinkbrunnen mit Tränke,5,
TRINKBRUNNENOGD.fid-761673fc_19a031f728b_-6ae8,6151699,POINT (16.347056663654826 48.192445467083296),Trinkbrunnen mit Tränke,5,
TRINKBRUNNENOGD.fid-761673fc_19a031f728b_-6ae7,6151700,POINT (16.326745627620998 48.192745248828295),Trinkbrunnen mit Tränke,5,
TRINKBRUNNENOGD.fid-761673fc_19a031f728b_-6ae6,6151701,POINT (16.28989297911641 48.15429525364776),Trinkbrunnen mit Tränke,5,
TRINKBRUNNENOGD.fid-761673fc_19a031f728b_-6ae5,6151702,POINT (16.28302868102596 48.226026162197414),Trinkbrunnen,4,
TRINKBRUNNENOGD.fid-761673fc_19a031f728b_-6ae4,6151703,POINT (16.390826658971516 48.204526554194395),Trinkbrunnen mit Tränke,5,
TRINKBRUNNENOGD.fid-761673fc_19a031f728b_-6ae3,6151704,POINT (16.34117486212467 48.20745703280421),Trinkbrunnen mit Tränke,5,
TRINKBRUNNENOGD.fid-761673fc_19a031f728b_-6ae2,6151705,POINT (16.337402193787273 48.206378930917985),Trinkbrunnen mit Tränke,5,
TRINKBRUNNENOGD.fid-761673fc_19a031f728b_-6ae1,6151706,POINT (16.35429977611392 48.20375867352502),Trinkbrunnen,4,
TRINKBRUNNENOGD.fid-761673fc_19a031f728b_-6ae0,6151707,POINT (16.32075106023309 48.17100163808249),Sprühnebeldusche,11,
TRINKBRUNNENOGD.fid-761673fc_19a031f728b_-6adf,6151708,POINT (16.321549178181836 48.185836071930524),Trinkbrunnen mit Tränke,5,
TRINKBRUNNENOGD.fid-761673fc_19a031f728b_-6ade,6151709,POINT (16.443936034380375 48.23889016882992),Wasserspielmöglichkeit,13,
TRINKBRUNNENOGD.fid-761673fc_19a031f728b_-6add,6151710,POINT (16.370954879396884 48.235307531093575),Trinkbrunnen mit Tränke,5,
TRINKBRUNNENOGD.fid-761673fc_19a031f728b_-6adc,6151711,POINT (16.367999983113645 48.23491421889424),Spielbrunnen,3,
TRINKBRUNNENOGD.fid-761673fc_19a031f728b_-6adb,6151712,POINT (16.382501146301315 48.19967441989013),Spielbrunnen,3,
TRINKBRUNNENOGD.fid-761673fc_19a031f728b_-6ada,6151713,POINT (16.488121813167243 48.242960259626244),Trinkbrunnen,4,
TRINKBRUNNENOGD.fid-761673fc_19a031f728b_-6ad9,6151714,POINT (16.488598748235546 48.24346837891181),Trinkbrunnen mit Tränke,5,
TRINKBRUNNENOGD.fid-761673fc_19a031f728b_-6ad8,6151715,POINT (16.493201600346126 48.23371708321435),Trinkbrunnen mit Tränke,5,
TRINKBRUNNENOGD.fid-761673fc_19a031f728b_-6ad7,6151716,POINT (16.318519959404945 48.18952539840312),Bodenfontäne,12,
TRINKBRUNNENOGD.fid-761673fc_19a031f728b_-6ad6,6151717,POINT (16.385784371914326 48.146115598547446),Trinkbrunnen mit Tränke,5,
TRINKBRUNNENOGD.fid-761673fc_19a031f728b_-6ad5,6151718,POINT (16.390508383940237 48.14247857022683),Trinkbrunnen mit Tränke,5,
TRINKBRUNNENOGD.fid-761673fc_19a031f728b_-6ad4,6151719,POINT (16.27577023465361 48.13497703516134),Trinkbrunnen mit Tränke,5,
TRINKBRUNNENOGD.fid-761673fc_19a031f728b_-6ad3,6151720,POINT (16.301870932129166 48.149323122148175),Wasserspielmöglichkeit,13,
TRINKBRUNNENOGD.fid-761673fc_19a031f728b_-6ad2,6151721,POINT (16.392283370149155 48.14008247322452),Trinkbrunnen mit Tränke,5,
TRINKBRUNNENOGD.fid-761673fc_19a031f728b_-6ad1,6151722,POINT (16.4550004678423 48.247205853437904),Trinkbrunnen mit Tränke,5,
TRINKBRUNNENOGD.fid-761673fc_19a031f728b_-6ad0,6151723,POINT (16.275760279070358 48.13495872399718),Wasserspielmöglichkeit,13,
TRINKBRUNNENOGD.fid-761673fc_19a031f728b_-6acf,6151724,POINT (16.394213490723402 48.15438882503683),Trinkbrunnen mit Tränke,5,
TRINKBRUNNENOGD.fid-761673fc_19a031f728b_-6ace,6151725,POINT (16.335166856404168 48.17866585940202),Spielbrunnen,3,
TRINKBRUNNENOGD.fid-761673fc_19a031f728b_-6acd,6151726,POINT (16.393489044101823 48.1450015306895),Trinkbrunnen mit Tränke,5,
TRINKBRUNNENOGD.fid-761673fc_19a031f728b_-6acc,6151727,POINT (16.335293943809802 48.178754187764945),Trinkbrunnen mit Tränke,5,
TRINKBRUNNENOGD.fid-761673fc_19a031f728b_-6acb,6151728,POINT (16.467002395665475 48.22414209066712),Trinkbrunnen mit Tränke,5,
TRINKBRUNNENOGD.fid-761673fc_19a031f728b_-6aca,6151729,POINT (16.319980219460625 48.203254997616234),Trinkbrunnen,4,
TRINKBRUNNENOGD.fid-761673fc_19a031f728b_-6ac9,6151730,POINT (16.38920019736829 48.14804626648822),Trinkbrunnen mit Tränke,5,
TRINKBRUNNENOGD.fid-761673fc_19a031f728b_-6ac8,6151731,POINT (16.36442472739809 48.21778390777476),Trinkbrunnen mit Tränke,5,
TRINKBRUNNENOGD.fid-761673fc_19a031f728b_-6ac7,6151732,POINT (16.37341517923897 48.170095598381394),Trinkbrunnen mit Tränke,5,
TRINKBRUNNENOGD.fid-761673fc_19a031f728b_-6ac6,6151733,POINT (16.380736090991405 48.24475180879554),Sprühnebeldusche,11,
TRINKBRUNNENOGD.fid-761673fc_19a031f728b_-6ac5,6151734,POINT (16.381929947238696 48.18216200309924),Sprühnebeldusche,11,
TRINKBRUNNENOGD.fid-761673fc_19a031f728b_-6ac4,6151735,POINT (16.339709363988664 48.18151821040556),Sprühnebeldusche,11,
TRINKBRUNNENOGD.fid-761673fc_19a031f728b_-6ac3,6151736,POINT (16.318465968650266 48.189146526990854),Sprühnebeldusche,11,
TRINKBRUNNENOGD.fid-761673fc_19a031f728b_-6ac2,6151737,POINT (16.3074771209538 48.22133846807385),Sprühnebeldusche,11,
TRINKBRUNNENOGD.fid-761673fc_19a031f728b_-6ac1,6151738,POINT (16.33886753182321 48.226433980222),Sprühnebeldusche,11,
TRINKBRUNNENOGD.fid-761673fc_19a031f728b_-6ac0,6151739,POINT (16.501010868565288 48.22383297864396),Sprühnebeldusche,11,
TRINKBRUNNENOGD.fid-761673fc_19a031f728b_-6abf,6151740,POINT (16.42463729756496 48.22575380575642),Sprühnebeldusche,11,
TRINKBRUNNENOGD.fid-761673fc_19a031f728b_-6abe,6151741,POINT (16.37727778402264 48.20203823745384),Sprühnebeldusche,11,
TRINKBRUNNENOGD.fid-761673fc_19a031f728b_-6abd,6151742,POINT (16.405104959111906 48.21696943163924),Sprühnebeldusche,11,
TRINKBRUNNENOGD.fid-761673fc_19a031f728b_-6abc,6151743,POINT (16.350786797226927 48.18582469816619),Sprühnebeldusche,11,
TRINKBRUNNENOGD.fid-761673fc_19a031f728b_-6abb,6151744,POINT (16.377818505635148 48.17357171607971),Trinkbrunnen mit Tränke,5,
TRINKBRUNNENOGD.fid-761673fc_19a031f728b_-6aba,6151745,POINT (16.306394765974595 48.22057821386136),Trinkbrunnen,4,
TRINKBRUNNENOGD.fid-761673fc_19a031f728b_-6ab9,6151746,POINT (16.485179615597072 48.15987067829406),Trinkbrunnen mit Tränke,5,
TRINKBRUNNENOGD.fid-761673fc_19a031f728b_-6ab8,6151747,POINT (16.29404325369826 48.19879307759374),Trinkbrunnen,4,
TRINKBRUNNENOGD.fid-761673fc_19a031f728b_-6ab7,6151748,POINT (16.335192900473846 48.21344825850657),Bodenfontäne,12,
TRINKBRUNNENOGD.fid-761673fc_19a031f728b_-6ab6,6151749,POINT (16.32608098322617 48.21294282091326),Bodenfontäne,12,
TRINKBRUNNENOGD.fid-761673fc_19a031f728b_-6ab5,6151750,POINT (16.432037662791434 48.287732692634435),Spielbrunnen,3,
TRINKBRUNNENOGD.fid-761673fc_19a031f728b_-6ab4,6151751,POINT (16.34863241200595 48.19481837781887),Spielbrunnen,3,
TRINKBRUNNENOGD.fid-761673fc_19a031f728b_-6ab3,6151752,POINT (16.45001451235003 48.286944102577024),Trinkbrunnen mit Tränke,5,
TRINKBRUNNENOGD.fid-761673fc_19a031f728b_-6ab2,6151753,POINT (16.394878931724005 48.196644052610075),Trinkbrunnen mit Tränke,5,
TRINKBRUNNENOGD.fid-761673fc_19a031f728b_-6ab1,6151754,POINT (16.336762689799084 48.22358719854208),Bodenfontäne,12,
TRINKBRUNNENOGD.fid-761673fc_19a031f728b_-6ab0,6151755,POINT (16.46829449422513 48.23450966784187),Trinkbrunnen,4,
TRINKBRUNNENOGD.fid-761673fc_19a031f728b_-6aaf,6151756,POINT (16.450209111530963 48.25492368733212),Trinkbrunnen mit Tränke,5,
TRINKBRUNNENOGD.fid-761673fc_19a031f728b_-6aae,6151757,POINT (16.37863985485074 48.20365065405706),Sprühnebeldusche,11,
TRINKBRUNNENOGD.fid-761673fc_19a031f728b_-6aad,6151758,POINT (16.4126954023147 48.18156878934577),Sprühnebeldusche,11,
TRINKBRUNNENOGD.fid-761673fc_19a031f728b_-6aac,6151759,POINT (16.405138567024032 48.16190262162844),Trinkbrunnen,4,
TRINKBRUNNENOGD.fid-761673fc_19a031f728b_-6aab,6151760,POINT (16.411356690918332 48.24160364142827),Zierbrunnen,6,
TRINKBRUNNENOGD.fid-761673fc_19a031f728b_-6aaa,6151761,POINT (16.33767529025057 48.18984939790543),Trinkbrunnen,4,
TRINKBRUNNENOGD.fid-761673fc_19a031f728b_-6aa9,6151762,POINT (16.30596821108151 48.19831544936516),Bodenfontäne,12,
TRINKBRUNNENOGD.fid-761673fc_19a031f728b_-6aa8,6151763,POINT (16.4014549332157 48.193157309406146),Trinkbrunnen mit Tränke,5,
TRINKBRUNNENOGD.fid-761673fc_19a031f728b_-6aa7,6151764,POINT (16.345049202403178 48.18475574002832),Sprühnebeldusche,11,
TRINKBRUNNENOGD.fid-761673fc_19a031f728b_-6aa6,6151765,POINT (16.385758025705908 48.22521904304708),Sprühnebeldusche,11,
TRINKBRUNNENOGD.fid-761673fc_19a031f728b_-6aa5,6151766,POINT (16.334990828903294 48.18475216179126),Zierbrunnen,6,
TRINKBRUNNENOGD.fid-761673fc_19a031f728b_-6aa4,6151767,POINT (16.36952340253193 48.22590929157551),Sprühnebeldusche,11,
TRINKBRUNNENOGD.fid-761673fc_19a031f728b_-6aa3,6151768,POINT (16.28517478772601 48.19569238674689),Sprühnebeldusche,11,
TRINKBRUNNENOGD.fid-761673fc_19a031f728b_-6aa2,6151769,POINT (16.248870079576246 48.202579119154),Sprühnebeldusche,11,
TRINKBRUNNENOGD.fid-761673fc_19a031f728b_-6aa1,6151770,POINT (16.332509728401142 48.20385235937032),Sprühnebeldusche,11,
TRINKBRUNNENOGD.fid-761673fc_19a031f728b_-6aa0,6151771,POINT (16.398469696627213 48.263998199959225),Sprühnebeldusche,11,
TRINKBRUNNENOGD.fid-761673fc_19a031f728b_-6a9f,6151772,POINT (16.41233206064295 48.277538209447236),Sprühnebeldusche,11,
TRINKBRUNNENOGD.fid-761673fc_19a031f728b_-6a9e,6151773,POINT (16.405568753581754 48.276582880310436),Sprühnebeldusche,11,
TRINKBRUNNENOGD.fid-761673fc_19a031f728b_-6a9d,6151774,POINT (16.431885961919374 48.247041460367484),Sprühnebeldusche,11,
TRINKBRUNNENOGD.fid-761673fc_19a031f728b_-6a9c,6151775,POINT (16.39231412719986 48.13979978801989),Sprühnebeldusche,11,
TRINKBRUNNENOGD.fid-761673fc_19a031f728b_-6a9b,6151776,POINT (16.28076799952433 48.13595396571028),Sprühnebeldusche,11,
TRINKBRUNNENOGD.fid-761673fc_19a031f728b_-6a9a,6151777,POINT (16.27037737271792 48.15196711841412),Sprühnebeldusche,11,
TRINKBRUNNENOGD.fid-761673fc_19a031f728b_-6a99,6151778,POINT (16.2675639065552 48.14917059426238),Sprühnebeldusche,11,
TRINKBRUNNENOGD.fid-761673fc_19a031f728b_-6a98,6151779,POINT (16.287974547526247 48.1677496729907),Sprühnebeldusche,11,
TRINKBRUNNENOGD.fid-761673fc_19a031f728b_-6a97,6151780,POINT (16.32746521060119 48.1650454172353),Sprühnebeldusche,11,
TRINKBRUNNENOGD.fid-761673fc_19a031f728b_-6a96,6151781,POINT (16.335205853639724 48.184906289259985),Sprühnebeldusche,11,
TRINKBRUNNENOGD.fid-761673fc_19a031f728b_-6a95,6151782,POINT (16.339271561453813 48.17791785240213),Sprühnebeldusche,11,
TRINKBRUNNENOGD.fid-761673fc_19a031f728b_-6a94,6151783,POINT (16.462725940687367 48.15557803101683),Sprühnebeldusche,11,
TRINKBRUNNENOGD.fid-761673fc_19a031f728b_-6a93,6151784,POINT (16.466181817812476 48.15191873522042),Sprühnebeldusche,11,
TRINKBRUNNENOGD.fid-761673fc_19a031f728b_-6a92,6151785,POINT (16.398117275844086 48.21367512576229),Sprühnebeldusche,11,
TRINKBRUNNENOGD.fid-761673fc_19a031f728b_-6a91,6151786,POINT (16.38547772960439 48.179689278023176),Bodenfontäne,12,
TRINKBRUNNENOGD.fid-761673fc_19a031f728b_-6a90,6151787,POINT (16.39997632650587 48.25490403546453),Sprühnebeldusche,11,
TRINKBRUNNENOGD.fid-761673fc_19a031f728b_-6a8f,6151788,POINT (16.39998635313276 48.25490133734873),Sprühnebeldusche,11,
TRINKBRUNNENOGD.fid-761673fc_19a031f728b_-6a8e,6151789,POINT (16.399995246670375 48.254898205492395),Sprühnebeldusche,11,
TRINKBRUNNENOGD.fid-761673fc_19a031f728b_-6a8d,6151790,POINT (16.407865380622933 48.2550895509517),Sprühnebeldusche,11,
TRINKBRUNNENOGD.fid-761673fc_19a031f728b_-6a8c,6151791,POINT (16.40787592710176 48.25509099946306),Sprühnebeldusche,11,
TRINKBRUNNENOGD.fid-761673fc_19a031f728b_-6a8b,6151792,POINT (16.303076704932742 48.19544957147629),Sprühnebeldusche,11,
TRINKBRUNNENOGD.fid-761673fc_19a031f728b_-6a8a,6151793,POINT (16.303074328327238 48.195463892528075),Sprühnebeldusche,11,
TRINKBRUNNENOGD.fid-761673fc_19a031f728b_-6a89,6151794,POINT (16.303072071839615 48.195477584986826),Sprühnebeldusche,11,
TRINKBRUNNENOGD.fid-761673fc_19a031f728b_-6a88,6151795,POINT (16.34488915653654 48.19948428051403),Sprühnebeldusche,11,
TRINKBRUNNENOGD.fid-761673fc_19a031f728b_-6a87,6151796,POINT (16.34488731571112 48.199496719195665),Sprühnebeldusche,11,
TRINKBRUNNENOGD.fid-761673fc_19a031f728b_-6a86,6151797,POINT (16.34488547353959 48.19950915787738),Sprühnebeldusche,11,
TRINKBRUNNENOGD.fid-761673fc_19a031f728b_-6a85,6151798,POINT (16.319820344199673 48.20326609966708),Trinkbrunnen mit Tränke,5,
TRINKBRUNNENOGD.fid-761673fc_19a031f728b_-6a84,6151799,POINT (16.348770974235773 48.1946111601918),Trinkbrunnen,4,
TRINKBRUNNENOGD.fid-761673fc_19a031f728b_-6a83,6151800,POINT (16.348157083977117 48.19512723662172),Trinkbrunnen mit Tränke,5,
TRINKBRUNNENOGD.fid-761673fc_19a031f728b_-6a82,6151801,POINT (16.330677247251916 48.17343429997798),Trinkbrunnen mit Tränke,5,
TRINKBRUNNENOGD.fid-761673fc_19a031f728b_-6a81,6151802,POINT (16.368152193757947 48.17516781770888),Sprühnebeldusche,11,
TRINKBRUNNENOGD.fid-761673fc_19a031f728b_-6a80,6151803,POINT (16.47580189243269 48.21243398540513),Sprühnebeldusche,11,
TRINKBRUNNENOGD.fid-761673fc_19a031f728b_-6a7f,6151804,POINT (16.36981943819062 48.19999772014685),Sprühnebeldusche,11,
TRINKBRUNNENOGD.fid-761673fc_19a031f728b_-6a7e,6151805,POINT (16.488618337550086 48.21211553896815),Sprühnebeldusche,11,
TRINKBRUNNENOGD.fid-761673fc_19a031f728b_-6a7d,6151806,POINT (16.315397726190355 48.206304823040576),Sprühnebeldusche,11,
TRINKBRUNNENOGD.fid-761673fc_19a031f728b_-6a7c,6151807,POINT (16.49079369200293 48.22576975565872),Sprühnebeldusche,11,
TRINKBRUNNENOGD.fid-761673fc_19a031f728b_-6a7b,6151808,POINT (16.335565594037547 48.21333315772568),Sprühnebeldusche,11,
TRINKBRUNNENOGD.fid-761673fc_19a031f728b_-6a7a,6151809,POINT (16.35372158275315 48.19108915245899),Trinkbrunnen,4,
TRINKBRUNNENOGD.fid-761673fc_19a031f728b_-6a79,6151810,POINT (16.326174298838797 48.2126765678808),Sprühnebeldusche,11,
TRINKBRUNNENOGD.fid-761673fc_19a031f728b_-6a78,6151811,POINT (16.27098605826324 48.1905466610274),Sprühnebeldusche,11,
TRINKBRUNNENOGD.fid-761673fc_19a031f728b_-6a77,6151812,POINT (16.270962107578825 48.19048030605585),Sprühnebeldusche,11,
TRINKBRUNNENOGD.fid-761673fc_19a031f728b_-6a76,6151813,POINT (16.270923426505775 48.190472456397636),Sprühnebeldusche,11,
TRINKBRUNNENOGD.fid-761673fc_19a031f728b_-6a75,6151814,POINT (16.47428189228103 48.22268885296932),Wasserspielmöglichkeit,13,
TRINKBRUNNENOGD.fid-761673fc_19a031f728b_-6a74,6151815,POINT (16.32840015526738 48.17284659821574),Wasserspielmöglichkeit,13,
TRINKBRUNNENOGD.fid-761673fc_19a031f728b_-6a73,6151816,POINT (16.40521355599042 48.216864176496976),Wasserspielmöglichkeit,13,
TRINKBRUNNENOGD.fid-761673fc_19a031f728b_-6a72,6151817,POINT (16.324783422592215 48.19736419094449),Wasserspielmöglichkeit,13,
TRINKBRUNNENOGD.fid-761673fc_19a031f728b_-6a71,6151818,POINT (16.347129862294775 48.19248648458847),Wasserspielmöglichkeit,13,
TRINKBRUNNENOGD.fid-761673fc_19a031f728b_-6a70,6151819,POINT (16.35573301004649 48.20372440323283),Wasserspielmöglichkeit,13,
TRINKBRUNNENOGD.fid-761673fc_19a031f728b_-6a6f,6151820,POINT (16.441775067794726 48.192582050812014),Wasserspielmöglichkeit,13,
TRINKBRUNNENOGD.fid-761673fc_19a031f728b_-6a6e,6151821,POINT (16.406493981469243 48.2039385688443),Wasserspielmöglichkeit,13,
TRINKBRUNNENOGD.fid-761673fc_19a031f728b_-6a6d,6151822,POINT (16.417133839033724 48.1991811997065),Wasserspielmöglichkeit,13,
TRINKBRUNNENOGD.fid-761673fc_19a031f728b_-6a6c,6151823,POINT (16.3849203558599 48.213220084843655),Wasserspielmöglichkeit,13,
TRINKBRUNNENOGD.fid-761673fc_19a031f728b_-6a6b,6151824,POINT (16.32699007821608 48.15902777052713),Wasserspielmöglichkeit,13,
TRINKBRUNNENOGD.fid-761673fc_19a031f728b_-6a6a,6151825,POINT (16.378007456583543 48.24885997219024),Wasserspielmöglichkeit,13,
TRINKBRUNNENOGD.fid-761673fc_19a031f728b_-6a69,6151826,POINT (16.417187649834894 48.29465932256562),Wasserspielmöglichkeit,13,
TRINKBRUNNENOGD.fid-761673fc_19a031f728b_-6a68,6151827,POINT (16.383835539258637 48.269935002733334),Wasserspielmöglichkeit,13,
TRINKBRUNNENOGD.fid-761673fc_19a031f728b_-6a67,6151828,POINT (16.461151522925846 48.234088232025506),Wasserspielmöglichkeit,13,
TRINKBRUNNENOGD.fid-761673fc_19a031f728b_-6a66,6151829,POINT (16.441513201809475 48.24520921620103),Wasserspielmöglichkeit,13,
TRINKBRUNNENOGD.fid-761673fc_19a031f728b_-6a65,6151830,POINT (16.477677748165764 48.25378293398855),Wasserspielmöglichkeit,13,
TRINKBRUNNENOGD.fid-761673fc_19a031f728b_-6a64,6151831,POINT (16.335007120305757 48.201886609017905),Sprühnebeldusche,11,
TRINKBRUNNENOGD.fid-761673fc_19a031f728b_-6a63,6151832,POINT (16.33470129758915 48.20190925866588),Bodenfontäne,12,
TRINKBRUNNENOGD.fid-761673fc_19a031f728b_-6a62,6151833,POINT (16.348714102862964 48.194606811003275),Bodenfontäne,12,
TRINKBRUNNENOGD.fid-761673fc_19a031f728b_-6a61,6151834,POINT (16.41358572302829 48.22513886021347),Wasserspielmöglichkeit,13,
TRINKBRUNNENOGD.fid-761673fc_19a031f728b_-6a60,6151835,POINT (16.475535170365298 48.21245648818816),Wasserspielmöglichkeit,13,
TRINKBRUNNENOGD.fid-761673fc_19a031f728b_-6a5f,6151836,POINT (16.49044293648123 48.214621187131115),Wasserspielmöglichkeit,13,
TRINKBRUNNENOGD.fid-761673fc_19a031f728b_-6a5e,6151837,POINT (16.400939657145745 48.21317327346333),Wasserspielmöglichkeit,13,
TRINKBRUNNENOGD.fid-761673fc_19a031f728b_-6a5d,6151838,POINT (16.36479742795831 48.234890557341856),Grundwasserbrunnen,1,
TRINKBRUNNENOGD.fid-761673fc_19a031f728b_-6a5c,6151839,POINT (16.38690936278052 48.23394149068115),Grundwasserbrunnen,1,
TRINKBRUNNENOGD.fid-761673fc_19a031f728b_-6a5b,6151840,POINT (16.33502634191669 48.20187376057678),Sprühnebeldusche,11,
TRINKBRUNNENOGD.fid-761673fc_19a031f728b_-6a5a,6151841,POINT (16.33123723596466 48.175851338282726),Trinkbrunnen mit Tränke,5,
TRINKBRUNNENOGD.fid-761673fc_19a031f728b_-6a59,6151842,POINT (16.335046630202466 48.20186662194417),Sprühnebeldusche,11,
TRINKBRUNNENOGD.fid-761673fc_19a031f728b_-6a58,6151843,POINT (16.330112786682587 48.22305167780382),Sprühnebeldusche,11,
TRINKBRUNNENOGD.fid-761673fc_19a031f728b_-6a57,6151844,POINT (16.33013265660625 48.223051249866664),Sprühnebeldusche,11,
TRINKBRUNNENOGD.fid-761673fc_19a031f728b_-6a56,6151845,POINT (16.33012475263828 48.22303882895008),Sprühnebeldusche,11,
TRINKBRUNNENOGD.fid-761673fc_19a031f728b_-6a55,6151846,POINT (16.37876934747235 48.173814755024445),Spielbrunnen,3,
TRINKBRUNNENOGD.fid-761673fc_19a031f728b_-6a54,6151847,POINT (16.37875616581613 48.17361064406321),Spielbrunnen,3,
TRINKBRUNNENOGD.fid-761673fc_19a031f728b_-6a53,6151848,POINT (16.300546279946843 48.177820267085465),Trinkbrunnen mit Tränke,5,
TRINKBRUNNENOGD.fid-761673fc_19a031f728b_-6a52,6151849,POINT (16.366689028783522 48.25352949321138),Sprühnebeldusche,11,
TRINKBRUNNENOGD.fid-761673fc_19a031f728b_-6a51,6151850,POINT (16.339117143226684 48.18880868865375),Trinkbrunnen mit Tränke,5,
TRINKBRUNNENOGD.fid-761673fc_19a031f728b_-6a50,6151851,POINT (16.34663385793998 48.192264830395565),Trinkbrunnen mit Tränke,5,
TRINKBRUNNENOGD.fid-761673fc_19a031f728b_-6a4f,6151852,POINT (16.429995966430187 48.16460178158113),Trinkbrunnen mit Tränke,5,
TRINKBRUNNENOGD.fid-761673fc_19a031f728b_-6a4e,6151853,POINT (16.30803291145629 48.168934478013306),Trinkbrunnen mit Tränke,5,
TRINKBRUNNENOGD.fid-761673fc_19a031f728b_-6a4d,6151854,POINT (16.443868578563155 48.23889881064328),Spielbrunnen,3,
TRINKBRUNNENOGD.fid-761673fc_19a031f728b_-6a4c,6151855,POINT (16.300062800407783 48.149998798566415),Trinkbrunnen mit Tränke,5,
TRINKBRUNNENOGD.fid-761673fc_19a031f728b_-6a4b,6151856,POINT (16.31166013133046 48.195855529013926),Bodenfontäne,12,
TRINKBRUNNENOGD.fid-761673fc_19a031f728b_-6a4a,6151857,POINT (16.45118830426244 48.22737141106491),Grundwasserbrunnen,1,
TRINKBRUNNENOGD.fid-761673fc_19a031f728b_-6a49,6151858,POINT (16.389240694471667 48.23039190388121),Trinkbrunnen mit Tränke,5,
TRINKBRUNNENOGD.fid-761673fc_19a031f728b_-6a48,6151859,POINT (16.43869643007128 48.24718391680018),Wasserspielmöglichkeit,13,
TRINKBRUNNENOGD.fid-761673fc_19a031f728b_-6a47,6151860,POINT (16.391589177541807 48.22913893726765),Trinkbrunnen mit Tränke,5,
TRINKBRUNNENOGD.fid-761673fc_19a031f728b_-6a46,6151861,POINT (16.353653456511005 48.19773435543456),Sprühnebeldusche,11,
TRINKBRUNNENOGD.fid-761673fc_19a031f728b_-6a45,6151862,POINT (16.353402981065177 48.197635749223025),Sprühnebeldusche,11,
TRINKBRUNNENOGD.fid-761673fc_19a031f728b_-6a44,6151863,POINT (16.3534689893066 48.19762646456286),Sprühnebeldusche,11,
TRINKBRUNNENOGD.fid-761673fc_19a031f728b_-6a43,6151864,POINT (16.353657120479543 48.19785582472032),Sprühnebeldusche,11,
TRINKBRUNNENOGD.fid-761673fc_19a031f728b_-6a42,6151865,POINT (16.353410494202123 48.197604875212214),Sprühnebeldusche,11,
TRINKBRUNNENOGD.fid-761673fc_19a031f728b_-6a41,6151866,POINT (16.48458595074643 48.221387974261454),Spielbrunnen,3,
TRINKBRUNNENOGD.fid-761673fc_19a031f728b_-6a40,6151867,POINT (16.339749482473202 48.21259894038637),Trinkbrunnen mit Tränke,5,
TRINKBRUNNENOGD.fid-761673fc_19a031f728b_-6a3f,6151868,POINT (16.39241193240883 48.19840647286293),Spielbrunnen,3,
TRINKBRUNNENOGD.fid-761673fc_19a031f728b_-6a3e,6151869,POINT (16.48458901908082 48.22134745952138),Wasserspielmöglichkeit,13,
TRINKBRUNNENOGD.fid-761673fc_19a031f728b_-6a3d,6151870,POINT (16.318915023537638 48.19408694315907),Bodenfontäne,12,
TRINKBRUNNENOGD.fid-761673fc_19a031f728b_-6a3c,6151871,POINT (16.510750263488692 48.23162561305798),Trinkbrunnen,4,
TRINKBRUNNENOGD.fid-761673fc_19a031f728b_-6a3b,6151872,POINT (16.382252256364218 48.19938370310829),Sprühnebeldusche,11,
TRINKBRUNNENOGD.fid-761673fc_19a031f728b_-6a3a,6151873,POINT (16.38505154751997 48.237743052753764),Sprühnebeldusche,11,
TRINKBRUNNENOGD.fid-761673fc_19a031f728b_-6a39,6151874,POINT (16.35628756133539 48.19382649254722),Wasserspielmöglichkeit,13,
TRINKBRUNNENOGD.fid-761673fc_19a031f728b_-6a38,6151875,POINT (16.35974101316997 48.21582016070639),Spielbrunnen,3,
TRINKBRUNNENOGD.fid-761673fc_19a031f728b_-6a37,6151876,POINT (16.358467651789482 48.215112937410225),Trinkbrunnen mit Tränke,5,
TRINKBRUNNENOGD.fid-761673fc_19a031f728b_-6a36,6151877,POINT (16.37895351110689 48.20297025303529),Zierbrunnen,6,
TRINKBRUNNENOGD.fid-761673fc_19a031f728b_-6a35,6151878,POINT (16.50998742362715 48.22791196821888),Spielbrunnen,3,
TRINKBRUNNENOGD.fid-761673fc_19a031f728b_-6a34,6151879,POINT (16.337361860803465 48.243056124613744),Trinkbrunnen mit Tränke,5,
TRINKBRUNNENOGD.fid-761673fc_19a031f728b_-6a33,6151880,POINT (16.401569515164315 48.197335064120075),Wasserspielmöglichkeit,13,
TRINKBRUNNENOGD.fid-761673fc_19a031f728b_-6a32,6151881,POINT (16.454271083058345 48.268062349229375),Trinkbrunnen,4,
TRINKBRUNNENOGD.fid-761673fc_19a031f728b_-6a31,6151882,POINT (16.41112487712279 48.29993800988697),Trinkbrunnen,4,
TRINKBRUNNENOGD.fid-761673fc_19a031f728b_-6a30,6151883,POINT (16.399406013803745 48.27391429502752),Trinkbrunnen,4,
TRINKBRUNNENOGD.fid-761673fc_19a031f728b_-6a2f,6151884,POINT (16.30055622699841 48.14756193253321),Trinkbrunnen,4,
TRINKBRUNNENOGD.fid-761673fc_19a031f728b_-6a2e,6151885,POINT (16.345179117545214 48.18480470265794),Sprühnebeldusche,11,
TRINKBRUNNENOGD.fid-761673fc_19a031f728b_-6a2d,6151886,POINT (16.345193260703308 48.18468017191703),Sprühnebeldusche,11,
TRINKBRUNNENOGD.fid-761673fc_19a031f728b_-6a2c,6151887,POINT (16.345228531306216 48.18469426066597),Sprühnebeldusche,11,
TRINKBRUNNENOGD.fid-761673fc_19a031f728b_-6a2b,6151888,POINT (16.345136345879208 48.18483934084598),Sprühnebeldusche,11,
TRINKBRUNNENOGD.fid-761673fc_19a031f728b_-6a2a,6151889,POINT (16.361528377021035 48.25982664116414),Trinkbrunnen mit Tränke,5,
TRINKBRUNNENOGD.fid-761673fc_19a031f728b_-6a29,6151890,POINT (16.39188320234436 48.191674893052316),Sprühnebeldusche,11,
TRINKBRUNNENOGD.fid-761673fc_19a031f728b_-6a28,6151891,POINT (16.3406714088344 48.18576123990031),Trinkbrunnen mit Tränke,5,
TRINKBRUNNENOGD.fid-761673fc_19a031f728b_-6a27,6151892,POINT (16.32600119499108 48.163376544146125),Trinkbrunnen mit Tränke,5,
TRINKBRUNNENOGD.fid-761673fc_19a031f728b_-6a26,6151893,POINT (16.304202110230754 48.16204121474648),Trinkbrunnen mit Tränke,5,
TRINKBRUNNENOGD.fid-761673fc_19a031f728b_-6a25,6151894,POINT (16.301495883191304 48.149279647579476),Trinkbrunnen mit Tränke,5,
TRINKBRUNNENOGD.fid-761673fc_19a031f728b_-6a24,6151895,POINT (16.331698280876555 48.17371414895282),Trinkbrunnen mit Tränke,5,
TRINKBRUNNENOGD.fid-761673fc_19a031f728b_-6a23,6151896,POINT (16.388992343636662 48.260449163220144),Trinkbrunnen,4,
TRINKBRUNNENOGD.fid-761673fc_19a031f728b_-6a22,6151897,POINT (16.392363999147253 48.23285511491637),Trinkbrunnen mit Tränke,5,
TRINKBRUNNENOGD.fid-761673fc_19a031f728b_-6a21,6151898,POINT (16.37229992598195 48.18256092563202),Bodenfontäne,12,
TRINKBRUNNENOGD.fid-761673fc_19a031f728b_-6a20,6151899,POINT (16.449502304837477 48.23700665636249),Spielbrunnen,3,
TRINKBRUNNENOGD.fid-761673fc_19a031f728b_-6a1f,6151900,POINT (16.304136460070183 48.1998053345887),Trinkbrunnen mit Tränke,5,
TRINKBRUNNENOGD.fid-761673fc_19a031f728b_-6a1e,6151901,POINT (16.3889074429479 48.20137818540243),Zierbrunnen,6,
TRINKBRUNNENOGD.fid-761673fc_19a031f728b_-6a1d,6151902,POINT (16.301456885430717 48.18788899199476),Sprühnebeldusche,11,
TRINKBRUNNENOGD.fid-761673fc_19a031f728b_-6a1c,6151903,POINT (16.333283328990646 48.194321709347925),Trinkbrunnen mit Tränke,5,
TRINKBRUNNENOGD.fid-761673fc_19a031f728b_-6a1b,6151904,POINT (16.333313571249438 48.19440481484156),Sprühnebeldusche,11,
TRINKBRUNNENOGD.fid-761673fc_19a031f728b_-6a1a,6151905,POINT (16.333287606972497 48.19440758232182),Sprühnebeldusche,11,
TRINKBRUNNENOGD.fid-761673fc_19a031f728b_-6a19,6151906,POINT (16.333284318678498 48.19442405156384),Sprühnebeldusche,11,
TRINKBRUNNENOGD.fid-761673fc_19a031f728b_-6a18,6151907,POINT (16.27530641535033 48.19679075915759),Bodenfontäne,12,
TRINKBRUNNENOGD.fid-761673fc_19a031f728b_-6a17,6151908,POINT (16.3445517453125 48.180301592882074),Trinkbrunnen,4,
TRINKBRUNNENOGD.fid-761673fc_19a031f728b_-6a16,6151909,POINT (16.35831388521627 48.22713779065777),Sprühnebeldusche,11,
TRINKBRUNNENOGD.fid-761673fc_19a031f728b_-6a15,6151910,POINT (16.31322440830414 48.148147774982725),Bodenfontäne,12,
TRINKBRUNNENOGD.fid-761673fc_19a031f728b_-6a14,6151911,POINT (16.31321871990135 48.14814729810243),Wasserspielmöglichkeit,13,
TRINKBRUNNENOGD.fid-761673fc_19a031f728b_-6a13,6151912,POINT (16.293581519273996 48.17795093472225),Trinkbrunnen mit Tränke,5,
TRINKBRUNNENOGD.fid-761673fc_19a031f728b_-6a12,6151913,POINT (16.395379167297257 48.21874817736382),Trinkbrunnen mit Tränke,5,
TRINKBRUNNENOGD.fid-761673fc_19a031f728b_-6a11,6151914,POINT (16.389707657357455 48.19956789039058),Trinkbrunnen mit Tränke,5,
TRINKBRUNNENOGD.fid-761673fc_19a031f728b_-6a10,6151915,POINT (16.510131415696883 48.23008778343356),Trinkbrunnen,4,
TRINKBRUNNENOGD.fid-761673fc_19a031f728b_-6a0f,6151916,POINT (16.337386517982505 48.187177614493606),Sprühnebeldusche,11,
TRINKBRUNNENOGD.fid-761673fc_19a031f728b_-6a0e,6151917,POINT (16.360291495877934 48.24206530042682),Trinkbrunnen mit Tränke,5,
TRINKBRUNNENOGD.fid-761673fc_19a031f728b_-6a0d,6151918,POINT (16.50951208984945 48.22795589467909),Trinkbrunnen mit Tränke,5,
TRINKBRUNNENOGD.fid-761673fc_19a031f728b_-6a0c,6151919,POINT (16.416561245109783 48.239990789168615),Zierbrunnen,6,
TRINKBRUNNENOGD.fid-761673fc_19a031f728b_-6a0b,6151920,POINT (16.39085672943333 48.22681146775227),Trinkbrunnen mit Tränke,5,
TRINKBRUNNENOGD.fid-761673fc_19a031f728b_-6a0a,6151921,POINT (16.39069726689978 48.22775036155927),Trinkbrunnen mit Tränke,5,
TRINKBRUNNENOGD.fid-761673fc_19a031f728b_-6a09,6151922,POINT (16.390693274126097 48.226887416491564),Grundwasserbrunnen,1,
TRINKBRUNNENOGD.fid-761673fc_19a031f728b_-6a08,6151923,POINT (16.390898650073954 48.22693912861954),Grundwasserbrunnen,1,
TRINKBRUNNENOGD.fid-761673fc_19a031f728b_-6a07,6151924,POINT (16.393871740966755 48.21655396184365),Trinkbrunnen mit Tränke,5,
TRINKBRUNNENOGD.fid-761673fc_19a031f728b_-6a06,6151925,POINT (16.462504015691277 48.15777696418782),Sprühnebeldusche,11,
TRINKBRUNNENOGD.fid-761673fc_19a031f728b_-6a05,6151926,POINT (16.37733864782824 48.24616648050934),Sprühnebeldusche,11,
TRINKBRUNNENOGD.fid-761673fc_19a031f728b_-6a04,6151927,POINT (16.362253369778003 48.20561177034482),Sprühnebeldusche,11,
TRINKBRUNNENOGD.fid-761673fc_19a031f728b_-6a03,6151928,POINT (16.387391359166717 48.21938887702378),Sprühnebeldusche,11,
TRINKBRUNNENOGD.fid-761673fc_19a031f728b_-6a02,6151929,POINT (16.340718727391252 48.195752389611634),Sprühnebeldusche,11,
TRINKBRUNNENOGD.fid-761673fc_19a031f728b_-6a01,6151930,POINT (16.380148697875192 48.212684766086525),Sprühnebeldusche,11,
TRINKBRUNNENOGD.fid-761673fc_19a031f728b_-6a00,6151931,POINT (16.353781140116592 48.18552175155463),Sprühnebeldusche,11,
TRINKBRUNNENOGD.fid-761673fc_19a031f728b_-69ff,6151932,POINT (16.35098184385414 48.20408824091596),Sprühnebeldusche,11,
TRINKBRUNNENOGD.fid-761673fc_19a031f728b_-69fe,6151933,POINT (16.35005921200519 48.21065619940701),Sprühnebeldusche,11,
TRINKBRUNNENOGD.fid-761673fc_19a031f728b_-69fd,6151934,POINT (16.383443639776985 48.16118479330667),Sprühnebeldusche,11,
TRINKBRUNNENOGD.fid-761673fc_19a031f728b_-69fc,6151935,POINT (16.330233837567352 48.174476888993944),Sprühnebeldusche,11,
TRINKBRUNNENOGD.fid-761673fc_19a031f728b_-69fb,6151936,POINT (16.3136993334322 48.19799768460474),Sprühnebeldusche,11,
TRINKBRUNNENOGD.fid-761673fc_19a031f728b_-69fa,6151937,POINT (16.30319848538961 48.196600374145675),Sprühnebeldusche,11,
TRINKBRUNNENOGD.fid-761673fc_19a031f728b_-69f9,6151938,POINT (16.309614608685155 48.21383880584804),Sprühnebeldusche,11,
TRINKBRUNNENOGD.fid-761673fc_19a031f728b_-69f8,6151939,POINT (16.3341471296884 48.22111139988512),Sprühnebeldusche,11,
TRINKBRUNNENOGD.fid-761673fc_19a031f728b_-69f7,6151940,POINT (16.34582479142342 48.22351731288674),Sprühnebeldusche,11,
TRINKBRUNNENOGD.fid-761673fc_19a031f728b_-69f6,6151941,POINT (16.367180536953843 48.235352512479686),Sprühnebeldusche,11,
TRINKBRUNNENOGD.fid-761673fc_19a031f728b_-69f5,6151942,POINT (16.400079959714294 48.25730918285381),Sprühnebeldusche,11,
TRINKBRUNNENOGD.fid-761673fc_19a031f728b_-69f4,6151943,POINT (16.320592202237354 48.1505202012605),Sprühnebeldusche,11,
TRINKBRUNNENOGD.fid-761673fc_19a031f728b_-69f3,6151944,POINT (16.37729804830204 48.246216375616505),Trinkbrunnen,4,
TRINKBRUNNENOGD.fid-761673fc_19a031f728b_-69f2,6151945,POINT (16.44506192187813 48.27174973918186),Wasserspielmöglichkeit,13,
TRINKBRUNNENOGD.fid-761673fc_19a031f728b_-69f1,6151946,POINT (16.313226127177558 48.1482291729148),Sprühnebeldusche,11,
TRINKBRUNNENOGD.fid-761673fc_19a031f728b_-69f0,6151947,POINT (16.39900847831911 48.15086299855305),Trinkbrunnen,4,
TRINKBRUNNENOGD.fid-761673fc_19a031f728b_-69ef,6151948,POINT (16.350146796529756 48.23243158339332),Trinkbrunnen mit Tränke,5,
TRINKBRUNNENOGD.fid-761673fc_19a031f728b_-69ee,6151949,POINT (16.34263158200608 48.22081761784545),Trinkbrunnen mit Tränke,5,
TRINKBRUNNENOGD.fid-761673fc_19a031f728b_-69ed,6151950,POINT (16.333421772194264 48.20876634626689),Trinkbrunnen,4,
TRINKBRUNNENOGD.fid-761673fc_19a031f728b_-69ec,6151951,POINT (16.426820221102723 48.17035301933542),Trinkbrunnen mit Tränke,5,
TRINKBRUNNENOGD.fid-761673fc_19a031f728b_-69eb,6151952,POINT (16.433783742482692 48.16811689894576),Trinkbrunnen,4,
TRINKBRUNNENOGD.fid-761673fc_19a031f728b_-69ea,6151953,POINT (16.414882197582813 48.170485600133865),Trinkbrunnen,4,
TRINKBRUNNENOGD.fid-761673fc_19a031f728b_-69e9,6151954,POINT (16.450424610774043 48.25143232854888),Spielbrunnen,3,
TRINKBRUNNENOGD.fid-761673fc_19a031f728b_-69e8,6151955,POINT (16.3059686125554 48.19834878559671),Trinkbrunnen mit Tränke,5,
TRINKBRUNNENOGD.fid-761673fc_19a031f728b_-69e7,6151956,POINT (16.378043864546765 48.213754222370035),Trinkbrunnen mit Tränke,5,
TRINKBRUNNENOGD.fid-761673fc_19a031f728b_-69e6,6151957,POINT (16.304535690301226 48.229038379287324),Trinkbrunnen mit Tränke,5,
TRINKBRUNNENOGD.fid-761673fc_19a031f728b_-69e5,6151958,POINT (16.370775685060924 48.18220685556151),Sprühnebeldusche,11,
TRINKBRUNNENOGD.fid-761673fc_19a031f728b_-69e4,6151959,POINT (16.326089158206262 48.18868582938957),Trinkbrunnen mit Tränke,5,
TRINKBRUNNENOGD.fid-761673fc_19a031f728b_-69e3,6151960,POINT (16.402035396456636 48.1451798454992),Trinkbrunnen mit Tränke,5,
TRINKBRUNNENOGD.fid-761673fc_19a031f728b_-69e2,6151961,POINT (16.382310140573516 48.21510688359693),Trinkbrunnen,4,
TRINKBRUNNENOGD.fid-761673fc_19a031f728b_-69e1,6151962,POINT (16.372150402521978 48.18255195683355),Spielbrunnen,3,
TRINKBRUNNENOGD.fid-761673fc_19a031f728b_-69e0,6151963,POINT (16.318258748056593 48.231473935804466),Trinkbrunnen mit Tränke,5,
TRINKBRUNNENOGD.fid-761673fc_19a031f728b_-69df,6151964,POINT (16.330916163864828 48.21726277003527),Spielbrunnen,3,
TRINKBRUNNENOGD.fid-761673fc_19a031f728b_-69de,6151965,POINT (16.450293782514432 48.25130460374543),Trinkbrunnen mit Tränke,5,
TRINKBRUNNENOGD.fid-761673fc_19a031f728b_-69dd,6151966,POINT (16.31213938081714 48.226856162844186),Trinkbrunnen mit Tränke,5,
TRINKBRUNNENOGD.fid-761673fc_19a031f728b_-69dc,6151967,POINT (16.370959934456973 48.18250964884041),Sprühnebeldusche,11,
TRINKBRUNNENOGD.fid-761673fc_19a031f728b_-69db,6151968,POINT (16.370968420924058 48.18250908329095),Sprühnebeldusche,11,
TRINKBRUNNENOGD.fid-761673fc_19a031f728b_-69da,6151969,POINT (16.370963646063636 48.18251566060977),Sprühnebeldusche,11,
TRINKBRUNNENOGD.fid-761673fc_19a031f728b_-69d9,6151970,POINT (16.3160779843884 48.18583703732584),Mobiler Trinkbrunnen mit Sprühnebelfunktion,14,
TRINKBRUNNENOGD.fid-761673fc_19a031f728b_-69d8,6151971,POINT (16.311809917172713 48.21189411143423),Mobiler Trinkbrunnen mit Sprühnebelfunktion,14,
TRINKBRUNNENOGD.fid-761673fc_19a031f728b_-69d7,6151972,POINT (16.414595755024433 48.19098249993823),Mobiler Trinkbrunnen mit Sprühnebelfunktion,14,
TRINKBRUNNENOGD.fid-761673fc_19a031f728b_-69d6,6151973,POINT (16.397241372086885 48.257334661699026),Mobiler Trinkbrunnen mit Sprühnebelfunktion,14,
TRINKBRUNNENOGD.fid-761673fc_19a031f728b_-69d5,6151974,POINT (16.467320233317114 48.19306156330958),Mobiler Trinkbrunnen mit Sprühnebelfunktion,14,
TRINKBRUNNENOGD.fid-761673fc_19a031f728b_-69d4,6151975,POINT (16.361488780735396 48.1763913018926),Mobiler Trinkbrunnen mit Sprühnebelfunktion,14,
TRINKBRUNNENOGD.fid-761673fc_19a031f728b_-69d3,6151976,POINT (16.310033285607815 48.241585373492754),Mobiler Trinkbrunnen mit Sprühnebelfunktion,14,
TRINKBRUNNENOGD.fid-761673fc_19a031f728b_-69d2,6151977,POINT (16.360744226217353 48.20206935561792),Mobiler Trinkbrunnen mit Sprühnebelfunktion,14,
TRINKBRUNNENOGD.fid-761673fc_19a031f728b_-69d1,6151978,POINT (16.4575212105008 48.230688617453644),Mobiler Trinkbrunnen mit Sprühnebelfunktion,14,
TRINKBRUNNENOGD.fid-761673fc_19a031f728b_-69d0,6151979,POINT (16.511028779416574 48.22636645437541),Mobiler Trinkbrunnen mit Sprühnebelfunktion,14,
TRINKBRUNNENOGD.fid-761673fc_19a031f728b_-69cf,6151980,POINT (16.39011125961243 48.210723167716125),Mobiler Trinkbrunnen mit Sprühnebelfunktion,14,
TRINKBRUNNENOGD.fid-761673fc_19a031f728b_-69ce,6151981,POINT (16.378361253463385 48.21128746206979),Mobiler Trinkbrunnen mit Sprühnebelfunktion,14,
TRINKBRUNNENOGD.fid-761673fc_19a031f728b_-69cd,6151982,POINT (16.370739358696902 48.208132916583104),Mobiler Trinkbrunnen mit Sprühnebelfunktion,14,
TRINKBRUNNENOGD.fid-761673fc_19a031f728b_-69cc,6151983,POINT (16.358204448402958 48.2098425201089),Mobiler Trinkbrunnen mit Sprühnebelfunktion,14,
TRINKBRUNNENOGD.fid-761673fc_19a031f728b_-69cb,6151984,POINT (16.371091912629613 48.20521665411953),Mobiler Trinkbrunnen mit Sprühnebelfunktion,14,
TRINKBRUNNENOGD.fid-761673fc_19a031f728b_-69ca,6151985,POINT (16.438271797757206 48.24599512012073),Mobiler Trinkbrunnen mit Sprühnebelfunktion,14,
TRINKBRUNNENOGD.fid-761673fc_19a031f728b_-69c9,6151986,POINT (16.370754705333958 48.19886712319908),Mobiler Trinkbrunnen mit Sprühnebelfunktion,14,
TRINKBRUNNENOGD.fid-761673fc_19a031f728b_-69c8,6151987,POINT (16.329638558923655 48.180778096275404),Mobiler Trinkbrunnen mit Sprühnebelfunktion,14,
TRINKBRUNNENOGD.fid-761673fc_19a031f728b_-69c7,6151988,POINT (16.320657779468874 48.19753532309744),Mobiler Trinkbrunnen mit Sprühnebelfunktion,14,
TRINKBRUNNENOGD.fid-761673fc_19a031f728b_-69c6,6151989,POINT (16.49643429895291 48.22516105670676),Mobiler Trinkbrunnen mit Sprühnebelfunktion,14,
TRINKBRUNNENOGD.fid-761673fc_19a031f728b_-69c5,6151990,POINT (16.327759119865572 48.16589328656554),Mobiler Trinkbrunnen mit Sprühnebelfunktion,14,
TRINKBRUNNENOGD.fid-761673fc_19a031f728b_-69c4,6151991,POINT (16.393619343768588 48.22283472042268),Mobiler Trinkbrunnen mit Sprühnebelfunktion,14,
TRINKBRUNNENOGD.fid-761673fc_19a031f728b_-69c3,6151992,POINT (16.382944627899082 48.206451435323025),Mobiler Trinkbrunnen mit Sprühnebelfunktion,14,
TRINKBRUNNENOGD.fid-761673fc_19a031f728b_-69c2,6151993,POINT (16.31665139273197 48.14163829041815),Mobiler Trinkbrunnen mit Sprühnebelfunktion,14,
TRINKBRUNNENOGD.fid-761673fc_19a031f728b_-69c1,6151994,POINT (16.473890621160916 48.1590152816455),Mobiler Trinkbrunnen mit Sprühnebelfunktion,14,
TRINKBRUNNENOGD.fid-761673fc_19a031f728b_-69c0,6151995,POINT (16.330148840613983 48.17535959046389),Mobiler Trinkbrunnen mit Sprühnebelfunktion,14,
TRINKBRUNNENOGD.fid-761673fc_19a031f728b_-69bf,6151996,POINT (16.318120323862626 48.19028079726384),Mobiler Trinkbrunnen mit Sprühnebelfunktion,14,
TRINKBRUNNENOGD.fid-761673fc_19a031f728b_-69be,6151997,POINT (16.342081380132623 48.19628872262264),Mobiler Trinkbrunnen mit Sprühnebelfunktion,14,
TRINKBRUNNENOGD.fid-761673fc_19a031f728b_-69bd,6151998,POINT (16.338629836505387 48.19567008758838),Mobiler Trinkbrunnen mit Sprühnebelfunktion,14,
TRINKBRUNNENOGD.fid-761673fc_19a031f728b_-69bc,6151999,POINT (16.337022286349317 48.19318322635763),Mobiler Trinkbrunnen mit Sprühnebelfunktion,14,
TRINKBRUNNENOGD.fid-761673fc_19a031f728b_-69bb,6152000,POINT (16.33589719313348 48.20178384144689),Mobiler Trinkbrunnen mit Sprühnebelfunktion,14,
TRINKBRUNNENOGD.fid-761673fc_19a031f728b_-69ba,6152001,POINT (16.35038762454527 48.19816115092544),Mobiler Trinkbrunnen mit Sprühnebelfunktion,14,
TRINKBRUNNENOGD.fid-761673fc_19a031f728b_-69b9,6152002,POINT (16.3170467034066 48.15039832042568),Mobiler Trinkbrunnen mit Sprühnebelfunktion,14,
TRINKBRUNNENOGD.fid-761673fc_19a031f728b_-69b8,6152003,POINT (16.32450468069867 48.161500280382455),Mobiler Trinkbrunnen mit Sprühnebelfunktion,14,
TRINKBRUNNENOGD.fid-761673fc_19a031f728b_-69b7,6152004,POINT (16.35716847793204 48.20547396054378),Mobiler Trinkbrunnen mit Sprühnebelfunktion,14,
TRINKBRUNNENOGD.fid-761673fc_19a031f728b_-69b6,6152005,POINT (16.3098981776088 48.225714895964465),Mobiler Trinkbrunnen mit Sprühnebelfunktion,14,
TRINKBRUNNENOGD.fid-761673fc_19a031f728b_-69b5,6152006,POINT (16.344405059140048 48.22621958177937),Mobiler Trinkbrunnen mit Sprühnebelfunktion,14,
TRINKBRUNNENOGD.fid-761673fc_19a031f728b_-69b4,6152007,POINT (16.386485687553495 48.24012504502874),Mobiler Trinkbrunnen mit Sprühnebelfunktion,14,
TRINKBRUNNENOGD.fid-761673fc_19a031f728b_-69b3,6152008,POINT (16.413276880867166 48.21518162932047),Mobiler Trinkbrunnen mit Sprühnebelfunktion,14,
TRINKBRUNNENOGD.fid-761673fc_19a031f728b_-69b2,6152009,POINT (16.431110398486783 48.247590532559684),Mobiler Trinkbrunnen mit Sprühnebelfunktion,14,
TRINKBRUNNENOGD.fid-761673fc_19a031f728b_-69b1,6152010,POINT (16.420972408691945 48.20989293413644),Mobiler Trinkbrunnen mit Sprühnebelfunktion,14,
TRINKBRUNNENOGD.fid-761673fc_19a031f728b_-69b0,6152011,POINT (16.39325616401161 48.218069959995894),Mobiler Trinkbrunnen mit Sprühnebelfunktion,14,
TRINKBRUNNENOGD.fid-761673fc_19a031f728b_-69af,6152012,POINT (16.369091516309155 48.23120300813507),Mobiler Trinkbrunnen mit Sprühnebelfunktion,14,
TRINKBRUNNENOGD.fid-761673fc_19a031f728b_-69ae,6152013,POINT (16.29509996690931 48.1685886958102),Mobiler Trinkbrunnen mit Sprühnebelfunktion,14,
TRINKBRUNNENOGD.fid-761673fc_19a031f728b_-69ad,6152014,POINT (16.374281375393323 48.20091700735797),Mobiler Trinkbrunnen mit Sprühnebelfunktion,14,
TRINKBRUNNENOGD.fid-761673fc_19a031f728b_-69ac,6152015,POINT (16.383016975514177 48.22530360625606),Mobiler Trinkbrunnen mit Sprühnebelfunktion,14,
TRINKBRUNNENOGD.fid-761673fc_19a031f728b_-69ab,6152016,POINT (16.356028358302563 48.22513772464448),Mobiler Trinkbrunnen mit Sprühnebelfunktion,14,
TRINKBRUNNENOGD.fid-761673fc_19a031f728b_-69aa,6152017,POINT (16.36138403162854 48.18407753486888),Mobiler Trinkbrunnen mit Sprühnebelfunktion,14,
TRINKBRUNNENOGD.fid-761673fc_19a031f728b_-69a9,6152018,POINT (16.381685646564033 48.188534302299814),Mobiler Trinkbrunnen mit Sprühnebelfunktion,14,
TRINKBRUNNENOGD.fid-761673fc_19a031f728b_-69a8,6152019,POINT (16.344178160644482 48.18659772460752),Mobiler Trinkbrunnen mit Sprühnebelfunktion,14,
TRINKBRUNNENOGD.fid-761673fc_19a031f728b_-69a7,6152020,POINT (16.374630923857445 48.185616052501004),Mobiler Trinkbrunnen mit Sprühnebelfunktion,14,
TRINKBRUNNENOGD.fid-761673fc_19a031f728b_-69a6,6152021,POINT (16.382212054414993 48.15387085047477),Mobiler Trinkbrunnen mit Sprühnebelfunktion,14,
TRINKBRUNNENOGD.fid-761673fc_19a031f728b_-69a5,6152022,POINT (16.383559432630207 48.21439385200327),Mobiler Trinkbrunnen mit Sprühnebelfunktion,14,
TRINKBRUNNENOGD.fid-761673fc_19a031f728b_-69a4,6152023,POINT (16.45411632444415 48.277707268818205),Mobiler Trinkbrunnen mit Sprühnebelfunktion,14,
TRINKBRUNNENOGD.fid-761673fc_19a031f728b_-69a3,6152024,POINT (16.374869648105225 48.24860075444071),Mobiler Trinkbrunnen mit Sprühnebelfunktion,14,
TRINKBRUNNENOGD.fid-761673fc_19a031f728b_-69a2,6152025,POINT (16.341557666717623 48.2456934046862),Mobiler Trinkbrunnen mit Sprühnebelfunktion,14,
TRINKBRUNNENOGD.fid-761673fc_19a031f728b_-69a1,6152026,POINT (16.36474746124717 48.24920758618306),Mobiler Trinkbrunnen mit Sprühnebelfunktion,14,
TRINKBRUNNENOGD.fid-761673fc_19a031f728b_-69a0,6152027,POINT (16.31268120078258 48.199184625354825),Mobiler Trinkbrunnen mit Sprühnebelfunktion,14,
TRINKBRUNNENOGD.fid-761673fc_19a031f728b_-699f,6152028,POINT (16.387345860629512 48.246714019973396),Mobiler Trinkbrunnen mit Sprühnebelfunktion,14,
TRINKBRUNNENOGD.fid-761673fc_19a031f728b_-699e,6152029,POINT (16.397314932632565 48.238216267256014),Mobiler Trinkbrunnen mit Sprühnebelfunktion,14,
TRINKBRUNNENOGD.fid-761673fc_19a031f728b_-699d,6152030,POINT (16.337866466968194 48.1788323040586),Mobiler Trinkbrunnen mit Sprühnebelfunktion,14,
TRINKBRUNNENOGD.fid-761673fc_19a031f728b_-699c,6152031,POINT (16.342653067197 48.25576432135007),Mobiler Trinkbrunnen mit Sprühnebelfunktion,14,
TRINKBRUNNENOGD.fid-761673fc_19a031f728b_-699b,6152032,POINT (16.404319011888795 48.268519185924795),Mobiler Trinkbrunnen mit Sprühnebelfunktion,14,
TRINKBRUNNENOGD.fid-761673fc_19a031f728b_-699a,6151487,POINT (16.400608531297443 48.15075693541099),Zierbrunnen,6,
TRINKBRUNNENOGD.fid-761673fc_19a031f728b_-6999,6151488,POINT (16.400497417752742 48.15082423706949),Zierbrunnen,6,
TRINKBRUNNENOGD.fid-761673fc_19a031f728b_-6998,6151489,POINT (16.406494426760535 48.14485166762564),Zierbrunnen,6,
TRINKBRUNNENOGD.fid-761673fc_19a031f728b_-6997,6151490,POINT (16.406622691967215 48.14506516689255),Zierbrunnen,6,
TRINKBRUNNENOGD.fid-761673fc_19a031f728b_-6996,6151491,POINT (16.406694199199485 48.14499162601175),Zierbrunnen,6,
TRINKBRUNNENOGD.fid-761673fc_19a031f728b_-6995,6151492,POINT (16.40493329510633 48.14377144103423),Zierbrunnen,6,
TRINKBRUNNENOGD.fid-761673fc_19a031f728b_-6994,6151493,POINT (16.404258287031812 48.143416779545255),Zierbrunnen,6,
TRINKBRUNNENOGD.fid-761673fc_19a031f728b_-6993,6151494,POINT (16.403970024407617 48.14323415626224),Zierbrunnen,6,
TRINKBRUNNENOGD.fid-761673fc_19a031f728b_-6992,6151495,POINT (16.40350988738385 48.1432610147663),Zierbrunnen,6,
TRINKBRUNNENOGD.fid-761673fc_19a031f728b_-6991,6151496,POINT (16.399471732029816 48.14871380847658),Zierbrunnen,6,
TRINKBRUNNENOGD.fid-761673fc_19a031f728b_-6990,6151497,POINT (16.400937649800927 48.151168464073315),Zierbrunnen,6,
TRINKBRUNNENOGD.fid-761673fc_19a031f728b_-698f,6151498,POINT (16.3567692606706 48.245670975510436),Zierbrunnen,6,
TRINKBRUNNENOGD.fid-761673fc_19a031f728b_-698e,6151499,POINT (16.35686228233417 48.24573040986588),Zierbrunnen,6,
TRINKBRUNNENOGD.fid-761673fc_19a031f728b_-698d,6151500,POINT (16.25614722574907 48.20249605925919),Trinkbrunnen mit Tränke,5,
TRINKBRUNNENOGD.fid-761673fc_19a031f728b_-698c,6151501,POINT (16.218359205411026 48.21704876779323),Grundwasserbrunnen,1,
TRINKBRUNNENOGD.fid-761673fc_19a031f728b_-698b,6151502,POINT (16.217759230300437 48.21663964052411),Grundwasserbrunnen,1,
TRINKBRUNNENOGD.fid-761673fc_19a031f728b_-698a,6151503,POINT (16.2760669671826 48.196346380417936),Trinkbrunnen,4,
TRINKBRUNNENOGD.fid-761673fc_19a031f728b_-6989,6151504,POINT (16.275343120937695 48.19686755834695),Trinkbrunnen mit Tränke,5,
TRINKBRUNNENOGD.fid-761673fc_19a031f728b_-6988,6151505,POINT (16.274199565488345 48.197298660292574),Trinkbrunnen,4,
TRINKBRUNNENOGD.fid-761673fc_19a031f728b_-6987,6151506,POINT (16.38726187109096 48.234091783163606),Trinkbrunnen mit Tränke,5,
TRINKBRUNNENOGD.fid-761673fc_19a031f728b_-6986,6151507,POINT (16.386772603509343 48.23438580416728),Spielbrunnen,3,
TRINKBRUNNENOGD.fid-761673fc_19a031f728b_-6985,6151508,POINT (16.387036650542818 48.23389416084767),Trinkbrunnen mit Tränke,5,
TRINKBRUNNENOGD.fid-761673fc_19a031f728b_-6984,6151509,POINT (16.38186641013905 48.23969844163361),Spielbrunnen,3,
TRINKBRUNNENOGD.fid-761673fc_19a031f728b_-6983,6151510,POINT (16.36826454664907 48.2401989794167),Spielbrunnen,3,
TRINKBRUNNENOGD.fid-761673fc_19a031f728b_-6982,6151511,POINT (16.37805375682152 48.24884740626845),Trinkbrunnen,4,
TRINKBRUNNENOGD.fid-761673fc_19a031f728b_-6981,6151512,POINT (16.39020846960143 48.23598392623137),Trinkbrunnen mit Tränke,5,
TRINKBRUNNENOGD.fid-761673fc_19a031f728b_-6980,6151513,POINT (16.376895185184015 48.237098454492774),Spielbrunnen,3,
TRINKBRUNNENOGD.fid-761673fc_19a031f728b_-697f,6151514,POINT (16.37864477986223 48.240012239183066),Trinkbrunnen mit Tränke,5,
TRINKBRUNNENOGD.fid-761673fc_19a031f728b_-697e,6151515,POINT (16.38126852276033 48.24503470667286),Spielbrunnen,3,
TRINKBRUNNENOGD.fid-761673fc_19a031f728b_-697d,6151516,POINT (16.380311408276583 48.24453533375869),Trinkbrunnen mit Tränke,5,
TRINKBRUNNENOGD.fid-761673fc_19a031f728b_-697c,6151517,POINT (16.374148539241308 48.24439870013763),Spielbrunnen,3,
TRINKBRUNNENOGD.fid-761673fc_19a031f728b_-697b,6151518,POINT (16.307548770304066 48.21583682327626),Trinkbrunnen mit Tränke,5,
TRINKBRUNNENOGD.fid-761673fc_19a031f728b_-697a,6151519,POINT (16.3272272093888 48.209891357478064),Trinkbrunnen,4,
TRINKBRUNNENOGD.fid-761673fc_19a031f728b_-6979,6151520,POINT (16.32748316919192 48.21010959023784),Trinkbrunnen mit Tränke,5,
TRINKBRUNNENOGD.fid-761673fc_19a031f728b_-6978,6151521,POINT (16.319241559046844 48.21041049443286),Trinkbrunnen,4,
TRINKBRUNNENOGD.fid-761673fc_19a031f728b_-6977,6151522,POINT (16.291530498551673 48.23372073305373),Trinkbrunnen mit Tränke,5,
TRINKBRUNNENOGD.fid-761673fc_19a031f728b_-6976,6151523,POINT (16.334883506212627 48.21890805969222),Trinkbrunnen mit Tränke,5,
TRINKBRUNNENOGD.fid-761673fc_19a031f728b_-6975,6151524,POINT (16.322114520988233 48.218751390434996),Trinkbrunnen mit Tränke,5,
TRINKBRUNNENOGD.fid-761673fc_19a031f728b_-6974,6151525,POINT (16.314579911936175 48.22348920334554),Trinkbrunnen mit Tränke,5,
TRINKBRUNNENOGD.fid-761673fc_19a031f728b_-6973,6151526,POINT (16.314413882434327 48.225050000434614),Trinkbrunnen mit Tränke,5,
TRINKBRUNNENOGD.fid-761673fc_19a031f728b_-6972,6151527,POINT (16.282225954984895 48.145262713352075),Trinkbrunnen mit Tränke,5,
TRINKBRUNNENOGD.fid-761673fc_19a031f728b_-6971,6151528,POINT (16.3867869386777 48.18660488130745),Trinkbrunnen mit Tränke,5,
TRINKBRUNNENOGD.fid-761673fc_19a031f728b_-6970,6151529,POINT (16.384933859343874 48.184990018489984),Trinkbrunnen mit Tränke,5,
TRINKBRUNNENOGD.fid-761673fc_19a031f728b_-696f,6151530,POINT (16.386160420423895 48.18734834014708),Trinkbrunnen mit Tränke,5,
TRINKBRUNNENOGD.fid-761673fc_19a031f728b_-696e,6151531,POINT (16.373530811484663 48.234227414759786),Trinkbrunnen,4,
